Workbook

Sheet Resumen
A1: RESUMEN MENSUAL - CAPACITY VS REAL
A3: Capacity | B3: Ene'26 | C3: Feb'26 | D3: Mar'26 | E3: Abr'26 | F3: May'26 | G3: Jun'26 | H3: Jul'26 | I3: Ago'26 | J3: Set'26 | K3: Oct'26
A4: Llamadas | B4: 856 | C4: 901 | D4: 893 | E4: 858 | F4: 836 | G4: 889 | H4: 851 | I4: 784 | J4: 761 | K4: 732
A5: Chats | B5: 170 | C5: 160 | D5: 159 | E5: 152 | F5: 171 | G5: 227 | H5: 245 | I5: 242 | J5: 255 | K5: 240
A6: Inbound | B6: =B4+B5 -> 1026 | C6: =C4+C5 -> 1061 | D6: =D4+D5 -> 1052 | E6: =E4+E5 -> 1010 | F6: =F4+F5 -> 1007 | G6: =G4+G5 -> 1116 | H6: =H4+H5 -> 1096 | I6: =I4+I5 -> 1026 | ... K6: =K4+K5 -> 972
A8: Real (cierre) | B8: Ene'26 | C8: Feb'26 | D8: Mar'26 | E8: Abr'26 | F8: May'26 | G8: Jun'26 | H8: Jul'26 | I8: Ago'26 | J8: Set'26 | K8: Oct'26
A9: Llamadas | B9: =SUMIF(Proyección!B5:B29,"Llamadas",Proyección!G5:G29) -> 846 | C9: =SUMIF(Proyección!B5:B29,"Llamadas",Proyección!K5:K29) -> 854 | D9: =SUMIF(Proyección!B5:B29,"Llamadas",Proyección!O5:O29) -> 865 | E9: =SUMIF(Proyección!B5:B29,"Llamadas",Proyección!S5:S29) -> 858 | F9: =SUMIF(Proyección!B5:B29,"Llamadas",Proyección!W5:W29) -> 824 | G9: =SUMIF(Proyección!B5:B29,"Llamadas",Proyección!AA5:AA29) -> 832 | H9: =SUMIF(Proyección!B5:B29,"Llamadas",Proyección!AE5:AE29) -> 839 | I9: =SUMIF(Proyección!B5:B29,"Llamadas",Proyección!AI5:AI29) -> 849 | J9: =SUMIF(Proyección!B5:B29,"Llamadas",Proyección!AM5:AM29) -> 851 | K9: =SUMIF(Proyección!B5:B29,"Llamadas",Proyección!AQ5:AQ29) -> 852
A10: Chats | B10: =SUMIF(Proyección!B5:B29,"Chats",Proyección!G5:G29) -> 162 | C10: =SUMIF(Proyección!B5:B29,"Chats",Proyección!K5:K29) -> 154 | D10: =SUMIF(Proyección!B5:B29,"Chats",Proyección!O5:O29) -> 157 | E10: =SUMIF(Proyección!B5:B29,"Chats",Proyección!S5:S29) -> 145 | F10: =SUMIF(Proyección!B5:B29,"Chats",Proyección!W5:W29) -> 159 | G10: =SUMIF(Proyección!B5:B29,"Chats",Proyección!AA5:AA29) -> 183 | H10: =SUMIF(Proyección!B5:B29,"Chats",Proyección!AE5:AE29) -> 192 | I10: =SUMIF(Proyección!B5:B29,"Chats",Proyección!AI5:AI29) -> 208 | J10: =SUMIF(Proyección!B5:B29,"Chats",Proyección!AM5:AM29) -> 236 | K10: =SUMIF(Proyección!B5:B29,"Chats",Proyección!AQ5:AQ29) -> 263
A11: Inbound | B11: =B9+B10 -> 1008 | C11: =C9+C10 -> 1008 | D11: =D9+D10 -> 1022 | E11: =E9+E10 -> 1003 | F11: =F9+F10 -> 983 | G11: =G9+G10 -> 1015 | H11: =H9+H10 -> 1031 | I11: =I9+I10 -> 1057 | ... K11: =K9+K10 -> 1115
A13: Salidas | B13: Ene'26 | C13: Feb'26 | D13: Mar'26 | E13: Abr'26 | F13: May'26 | G13: Jun'26 | H13: Jul'26 | I13: Ago'26 | J13: Set'26 | K13: Oct'26
A14: Llamadas | B14: =SUMIF(Proyección!B5:B29,"Llamadas",Proyección!F5:F29) -> -48 | C14: =SUMIF(Proyección!B5:B29,"Llamadas",Proyección!J5:J29) -> -56 | D14: =SUMIF(Proyección!B5:B29,"Llamadas",Proyección!N5:N29) -> -50 | E14: =SUMIF(Proyección!B5:B29,"Llamadas",Proyección!R5:R29) -> -64 | F14: =SUMIF(Proyección!B5:B29,"Llamadas",Proyección!V5:V29) -> -53 | G14: =SUMIF(Proyección!B5:B29,"Llamadas",Proyección!Z5:Z29) -> -25 | H14: =SUMIF(Proyección!B5:B29,"Llamadas",Proyección!AD5:AD29) -> -16 | I14: =SUMIF(Proyección!B5:B29,"Llamadas",Proyección!AH5:AH29) -> -17 | J14: =SUMIF(Proyección!B5:B29,"Llamadas",Proyección!AL5:AL29) -> -16 | K14: =SUMIF(Proyección!B5:B29,"Llamadas",Proyección!AP5:AP29) -> -17
A15: Chats | B15: =SUMIF(Proyección!B5:B29,"Chats",Proyección!F5:F29) -> -8 | C15: =SUMIF(Proyección!B5:B29,"Chats",Proyección!J5:J29) -> -6 | D15: =SUMIF(Proyección!B5:B29,"Chats",Proyección!N5:N29) -> -12 | E15: =SUMIF(Proyección!B5:B29,"Chats",Proyección!R5:R29) -> -7 | F15: =SUMIF(Proyección!B5:B29,"Chats",Proyección!V5:V29) -> -14 | G15: =SUMIF(Proyección!B5:B29,"Chats",Proyección!Z5:Z29) -> -31 | H15: =SUMIF(Proyección!B5:B29,"Chats",Proyección!AD5:AD29) -> -3 | I15: =SUMIF(Proyección!B5:B29,"Chats",Proyección!AH5:AH29) -> -4 | J15: =SUMIF(Proyección!B5:B29,"Chats",Proyección!AL5:AL29) -> -4 | K15: =SUMIF(Proyección!B5:B29,"Chats",Proyección!AP5:AP29) -> -5
A16: Inbound | B16: =B14+B15 -> -56 | C16: =C14+C15 -> -62 | D16: =D14+D15 -> -62 | E16: =E14+E15 -> -71 | F16: =F14+F15 -> -67 | G16: =G14+G15 -> -56 | H16: =H14+H15 -> -19 | I16: =I14+I15 -> -21 | ... K16: =K14+K15 -> -22
A18: R&S | B18: Ene'26 | C18: Feb'26 | D18: Mar'26 | E18: Abr'26 | F18: May'26 | G18: Jun'26 | H18: Jul'26 | I18: Ago'26 | J18: Set'26 | K18: Oct'26
A19: Llamadas | B19: 44 | C19: 48 | D19: 33 | E19: 23 | F19: 25 | G19: 30 | H19: 20 | I19: 20 | J19: 20 | K19: 20
A20: Chats | B20: 11 | C20: 0 | D20: 16 | E20: 30 | F20: 13 | G20: 22 | H20: 35 | I20: 35 | J20: 35 | K20: 35
A21: Inbound | B21: =B19+B20 -> 55 | C21: =C19+C20 -> 48 | D21: =D19+D20 -> 49 | E21: =E19+E20 -> 53 | F21: =F19+F20 -> 38 | G21: =G19+G20 -> 52 | H21: =H19+H20 -> 55 | I21: =I19+I20 -> 55 | ... K21: =K19+K20 -> 55
A23: Ingresos | B23: Ene'26 | C23: Feb'26 | D23: Mar'26 | E23: Abr'26 | F23: May'26 | G23: Jun'26 | H23: Jul'26 | I23: Ago'26 | J23: Set'26 | K23: Oct'26
A24: Llamadas | B24: 36 | C24: 32 | D24: 40 | E24: 43 | F24: 30 | G24: 19 | H24: =ROUND(F19*0.9,0) -> 23 | I24: =ROUND(G19*0.9,0) -> 27 | J24: =ROUND(H19*0.9,0) -> 18 | K24: =ROUND(I19*0.9,0) -> 18
A25: Chats | B25: 0 | C25: 0 | D25: 10 | E25: 0 | F25: 14 | G25: 30 | H25: =ROUND(F20*0.9,0) -> 12 | I25: =ROUND(G20*0.9,0) -> 20 | J25: =ROUND(H20*0.9,0) -> 32 | K25: =ROUND(I20*0.9,0) -> 32
A26: Inbound | B26: =B24+B25 -> 36 | C26: =C24+C25 -> 32 | D26: =D24+D25 -> 50 | E26: =E24+E25 -> 43 | F26: =F24+F25 -> 44 | G26: =G24+G25 -> 49 | H26: =H24+H25 -> 35 | I26: =I24+I25 -> 47 | ... K26: =K24+K25 -> 50
A28: Cobertura | B28: Ene'26 | C28: Feb'26 | D28: Mar'26 | E28: Abr'26 | F28: May'26 | G28: Jun'26 | H28: Jul'26 | I28: Ago'26 | J28: Set'26 | K28: Oct'26
A29: Llamadas | B29: =B9/B4 -> 0.98831776 | C29: =C9/C4 -> 0.94783574 | D29: =D9/D4 -> 0.96864502 | E29: =E9/E4 -> 1 | F29: =F9/F4 -> 0.98564593 | G29: =G9/G4 -> 0.93588301 | H29: =H9/H4 -> 0.98589894 | I29: =I9/I4 -> 1.0829082 | ... K29: =K9/K4 -> 1.1639344
A30: Chats | B30: =B10/B5 -> 0.95294118 | C30: =C10/C5 -> 0.9625 | D30: =D10/D5 -> 0.98742138 | E30: =E10/E5 -> 0.95394737 | F30: =F10/F5 -> 0.92982456 | G30: =G10/G5 -> 0.8061674 | H30: =H10/H5 -> 0.78367347 | I30: =I10/I5 -> 0.85950413 | ... K30: =K10/K5 -> 1.0958333
A31: Inbound | B31: =B11/B6 -> 0.98245614 | C31: =C11/C6 -> 0.95004713 | D31: =D11/D6 -> 0.97148289 | E31: =E11/E6 -> 0.99306931 | F31: =F11/F6 -> 0.97616683 | G31: =G11/G6 -> 0.90949821 | H31: =H11/H6 -> 0.94069343 | I31: =I11/I6 -> 1.0302144 | ... K31: =K11/K6 -> 1.1471193

Sheet Tasa Rotación
A1: TASA DE ROTACIÓN POR LÍNEA
A2: Tasa = (INI - REAL)/INI. Tasa Proyectada = promedio últimos 3 meses (Abr, May, Jun)
A3: Línea | B3: Mundo | C3: Ene | D3: Feb | E3: Mar | F3: Abr | G3: May | H3: Jun | I3: Tasa Proy
A4: CONSULTAS GENERALES | B4: Llamadas | C4: 0.01369863 | D4: 0.036912752 | E4: 0.0073529412 | F4: 0.046428571 | G4: 0.038327526 | H4: 0.0033333333 | I4: =AVERAGE(F4:H4) -> 0.029363144
A5: SWAT | B5: Llamadas | C5: 0 | D5: 0 | E5: 0 | F5: 0.045454545 | G5: 0.047619048 | H5: 0 | I5: =AVERAGE(F5:H5) -> 0.031024531
A6: TRAINEE LLAMADAS | B6: Llamadas | C6: 0 | D6: 0.075757576 | E6: 0.0125 | F6: 0.014705882 | G6: 0.080645161 | H6: 0 | I6: =AVERAGE(F6:H6) -> 0.031783681
A7: TRAINEE-CCGG | B7: Llamadas | C7: 0.088235294 | D7: 0.081081081 | E7: 0.13333333 | F7: 0.071428571 | G7: 0.10344828 | H7: 0.0625 | I7: =AVERAGE(F7:H7) -> 0.079125616
A8: CANALES DIGITALES | B8: Llamadas | C8: 0 | D8: 0 | E8: 0 | F8: 0 | G8: 0.25 | H8: 0 | I8: =AVERAGE(F8:H8) -> 0.083333333
A9: UDAC BANCA MAYORISTA | B9: Llamadas | C9: 0 | D9: 0 | E9: 0 | F9: 0 | G9: 0 | H9: 0 | I9: =AVERAGE(F9:H9) -> 0
A10: UDAC BANCA NEGOCIOS | B10: Llamadas | C10: 0 | D10: 0 | E10: 0 | F10: 0 | G10: 0 | H10: 0 | I10: =AVERAGE(F10:H10) -> 0
A11: UDAC PYME | B11: Llamadas | C11: 0 | D11: 0.04 | E11: 0.075 | F11: 0 | G11: 0 | H11: 0.05 | I11: =AVERAGE(F11:H11) -> 0.016666667
A12: UDAC PYME BUZON | B12: Llamadas | C12: 0 | D12: 0 | E12: 0 | F12: 0 | G12: 0 | H12: 0 | I12: =AVERAGE(F12:H12) -> 0
A13: OPERACIONES NO RECONOCIDAS | B13: Llamadas | C13: 0.011494253 | D13: 0 | E13: 0 | F13: 0.018867925 | G13: 0 | H13: 0 | I13: =AVERAGE(F13:H13) -> 0.0062893082
A14: FUERA DE TURNO | B14: Llamadas | C14: 0 | D14: 0 | E14: 0 | F14: 0 | G14: 0 | H14: 0 | I14: =AVERAGE(F14:H14) -> 0
A15: OPERACIONES TRUNCAS | B15: Llamadas | C15: 0 | D15: 0 | E15: 0 | F15: 0 | G15: 0 | H15: 0 | I15: =AVERAGE(F15:H15) -> 0
... A28: REDES SOCIALES | B28: Chats | C28: 0.066666667 | D28: 0 | E28: 0 | F28: 0 | G28: 0 | H28: 0 | I28: =AVERAGE(F28:H28) -> 0

Sheet Proyección
A1: PROYECCIÓN POR LÍNEA - DETALLE COMPLETO (Ene a Oct)
D3: Ene'26 | H3: Feb'26 | L3: Mar'26 | P3: Abr'26 | T3: May'26 | X3: Jun'26 | AB3: Jul'26 | AF3: Ago'26 | AJ3: Set'26 | AN3: Oct'26
A4: Línea | B4: Mundo | C4: Tasa | D4: INI | E4: Ing | F4: Sal | G4: Cie | H4: INI | I4: Ing | J4: Sal | K4: Cie | L4: INI | M4: Ing | N4: Sal | O4: Cie | P4: INI | Q4: Ing | R4: Sal | S4: Cie | T4: INI | U4: Ing | V4: Sal | W4: Cie | X4: INI | Y4: Ing | Z4: Sal | AA4: Cie | AB4: INI | AC4: Ing | AD4: Sal | AE4: Cie | AF4: INI | AG4: Ing | AH4: Sal | AI4: Cie | AJ4: INI | AK4: Ing | AL4: Sal | AM4: Cie | AN4: INI | AO4: Ing | AP4: Sal | AQ4: Cie
A5: CONSULTAS GENERALES | B5: Llamadas | C5: ='Tasa Rotación'!I4 -> 0.029363144 | D5: 292 | E5: 0 | F5: -4 | G5: 288 | H5: 298 | I5: 0 | J5: -11 | K5: 287 | L5: 272 | M5: 0 | N5: -2 | O5: 270 | P5: 280 | Q5: 0 | R5: -13 | S5: 267 | T5: 287 | U5: 0 | V5: -11 | W5: 276 | X5: 300 | Y5: 0 | Z5: -1 | AA5: 299 | AB5: =AA5 -> 299 | AC5: 0 | AD5: =-ROUND((AB5+AC5)*C5,0) -> -9 | AE5: =AB5+AC5+AD5 -> 290 | AF5: =AE5 -> 290 | AG5: 0 | AH5: =-ROUND((AF5+AG5)*C5,0) -> -9 | AI5: =AF5+AG5+AH5 -> 281 | AJ5: =AI5 -> 281 | AK5: 0 | AL5: =-ROUND((AJ5+AK5)*C5,0) -> -8 | AM5: =AJ5+AK5+AL5 -> 273 | AN5: =AM5 -> 273 | AO5: 0 | AP5: =-ROUND((AN5+AO5)*C5,0) -> -8 | AQ5: =AN5+AO5+AP5 -> 265
A6: SWAT | B6: Llamadas | C6: ='Tasa Rotación'!I5 -> 0.031024531 | D6: 21 | E6: 0 | F6: 0 | G6: 21 | H6: 21 | I6: 0 | J6: 0 | K6: 21 | L6: 22 | M6: 0 | N6: 0 | O6: 22 | P6: 22 | Q6: 0 | R6: -1 | S6: 21 | T6: 21 | U6: 0 | V6: -1 | W6: 20 | X6: 21 | Y6: 0 | Z6: 0 | AA6: 21 | AB6: =AA6 -> 21 | AC6: 0 | AD6: =-ROUND((AB6+AC6)*C6,0) -> -1 | AE6: =AB6+AC6+AD6 -> 20 | AF6: =AE6 -> 20 | AG6: 0 | AH6: =-ROUND((AF6+AG6)*C6,0) -> -1 | AI6: =AF6+AG6+AH6 -> 19 | AJ6: =AI6 -> 19 | AK6: 0 | AL6: =-ROUND((AJ6+AK6)*C6,0) -> -1 | AM6: =AJ6+AK6+AL6 -> 18 | AN6: =AM6 -> 18 | AO6: 0 | AP6: =-ROUND((AN6+AO6)*C6,0) -> -1 | AQ6: =AN6+AO6+AP6 -> 17
A7: TRAINEE LLAMADAS | B7: Llamadas | C7: ='Tasa Rotación'!I6 -> 0.031783681 | D7: 50 | E7: 36 | F7: -36 | G7: 50 | H7: 66 | I7: 32 | J7: -37 | K7: 61 | L7: 80 | M7: 40 | N7: -41 | O7: 79 | P7: 68 | Q7: 43 | R7: -44 | S7: 67 | T7: 62 | U7: 30 | V7: -35 | W7: 57 | X7: 43 | Y7: 19 | Z7: -19 | AA7: 43 | AB7: =AA7 -> 43 | AC7: =Resumen!H24 -> 23 | AD7: =-ROUND((AB7+AC7)*C7,0) -> -2 | AE7: =AB7+AC7+AD7 -> 64 | AF7: =AE7 -> 64 | AG7: =Resumen!I24 -> 27 | AH7: =-ROUND((AF7+AG7)*C7,0) -> -3 | AI7: =AF7+AG7+AH7 -> 88 | AJ7: =AI7 -> 88 | AK7: =Resumen!J24 -> 18 | AL7: =-ROUND((AJ7+AK7)*C7,0) -> -3 | AM7: =AJ7+AK7+AL7 -> 103 | AN7: =AM7 -> 103 | AO7: =Resumen!K24 -> 18 | AP7: =-ROUND((AN7+AO7)*C7,0) -> -4 | AQ7: =AN7+AO7+AP7 -> 117
A8: TRAINEE-CCGG | B8: Llamadas | C8: ='Tasa Rotación'!I7 -> 0.079125616 | D8: 68 | E8: 0 | F8: -6 | G8: 62 | H8: 37 | I8: 0 | J8: -3 | K8: 34 | L8: 30 | M8: 0 | N8: -4 | O8: 26 | P8: 42 | Q8: 0 | R8: -3 | S8: 39 | T8: 29 | U8: 0 | V8: -3 | W8: 26 | X8: 32 | Y8: 0 | Z8: -2 | AA8: 30 | AB8: =AA8 -> 30 | AC8: 0 | AD8: =-ROUND((AB8+AC8)*C8,0) -> -2 | AE8: =AB8+AC8+AD8 -> 28 | AF8: =AE8 -> 28 | AG8: 0 | AH8: =-ROUND((AF8+AG8)*C8,0) -> -2 | AI8: =AF8+AG8+AH8 -> 26 | AJ8: =AI8 -> 26 | AK8: 0 | AL8: =-ROUND((AJ8+AK8)*C8,0) -> -2 | AM8: =AJ8+AK8+AL8 -> 24 | AN8: =AM8 -> 24 | AO8: 0 | AP8: =-ROUND((AN8+AO8)*C8,0) -> -2 | AQ8: =AN8+AO8+AP8 -> 22
A9: CANALES DIGITALES | B9: Llamadas | C9: ='Tasa Rotación'!I8 -> 0.083333333 | D9: 2 | E9: 0 | F9: 0 | G9: 2 | H9: 2 | I9: 0 | J9: 0 | K9: 2 | L9: 12 | M9: 0 | N9: 0 | O9: 12 | P9: 12 | Q9: 0 | R9: 0 | S9: 12 | T9: 12 | U9: 0 | V9: -3 | W9: 9 | X9: 0 | Y9: 0 | Z9: 0 | AA9: 0 | AB9: =AA9 -> 0 | AC9: 0 | AD9: =-ROUND((AB9+AC9)*C9,0) -> 0 | AE9: =AB9+AC9+AD9 -> 0 | AF9: =AE9 -> 0 | AG9: 0 | AH9: =-ROUND((AF9+AG9)*C9,0) -> 0 | AI9: =AF9+AG9+AH9 -> 0 | AJ9: =AI9 -> 0 | AK9: 0 | AL9: =-ROUND((AJ9+AK9)*C9,0) -> 0 | AM9: =AJ9+AK9+AL9 -> 0 | AN9: =AM9 -> 0 | AO9: 0 | AP9: =-ROUND((AN9+AO9)*C9,0) -> 0 | AQ9: =AN9+AO9+AP9 -> 0
A10: UDAC BANCA MAYORISTA | B10: Llamadas | C10: ='Tasa Rotación'!I9 -> 0 | D10: 35 | E10: 0 | F10: 0 | G10: 35 | H10: 38 | I10: 0 | J10: 0 | K10: 38 | L10: 38 | M10: 0 | N10: 0 | O10: 38 | P10: 38 | Q10: 0 | R10: 0 | S10: 38 | T10: 38 | U10: 0 | V10: 0 | W10: 38 | X10: 38 | Y10: 0 | Z10: 0 | AA10: 38 | AB10: =AA10 -> 38 | AC10: 0 | AD10: =-ROUND((AB10+AC10)*C10,0) -> 0 | AE10: =AB10+AC10+AD10 -> 38 | AF10: =AE10 -> 38 | AG10: 0 | AH10: =-ROUND((AF10+AG10)*C10,0) -> 0 | AI10: =AF10+AG10+AH10 -> 38 | AJ10: =AI10 -> 38 | AK10: 0 | AL10: =-ROUND((AJ10+AK10)*C10,0) -> 0 | AM10: =AJ10+AK10+AL10 -> 38 | AN10: =AM10 -> 38 | AO10: 0 | AP10: =-ROUND((AN10+AO10)*C10,0) -> 0 | AQ10: =AN10+AO10+AP10 -> 38
A11: UDAC BANCA NEGOCIOS | B11: Llamadas | C11: ='Tasa Rotación'!I10 -> 0 | D11: 22 | E11: 0 | F11: 0 | G11: 22 | H11: 20 | I11: 0 | J11: 0 | K11: 20 | L11: 20 | M11: 0 | N11: 0 | O11: 20 | P11: 19 | Q11: 0 | R11: 0 | S11: 19 | T11: 20 | U11: 0 | V11: 0 | W11: 20 | X11: 20 | Y11: 0 | Z11: 0 | AA11: 20 | AB11: =AA11 -> 20 | AC11: 0 | AD11: =-ROUND((AB11+AC11)*C11,0) -> 0 | AE11: =AB11+AC11+AD11 -> 20 | AF11: =AE11 -> 20 | AG11: 0 | AH11: =-ROUND((AF11+AG11)*C11,0) -> 0 | AI11: =AF11+AG11+AH11 -> 20 | AJ11: =AI11 -> 20 | AK11: 0 | AL11: =-ROUND((AJ11+AK11)*C11,0) -> 0 | AM11: =AJ11+AK11+AL11 -> 20 | AN11: =AM11 -> 20 | AO11: 0 | AP11: =-ROUND((AN11+AO11)*C11,0) -> 0 | AQ11: =AN11+AO11+AP11 -> 20
A12: UDAC PYME | B12: Llamadas | C12: ='Tasa Rotación'!I11 -> 0.016666667 | D12: 35 | E12: 0 | F12: 0 | G12: 35 | H12: 50 | I12: 0 | J12: -2 | K12: 48 | L12: 40 | M12: 0 | N12: -3 | O12: 37 | P12: 39 | Q12: 0 | R12: 0 | S12: 39 | T12: 37 | U12: 0 | V12: 0 | W12: 37 | X12: 40 | Y12: 0 | Z12: -2 | AA12: 38 | AB12: =AA12 -> 38 | AC12: 0 | AD12: =-ROUND((AB12+AC12)*C12,0) -> -1 | AE12: =AB12+AC12+AD12 -> 37 | AF12: =AE12 -> 37 | AG12: 0 | AH12: =-ROUND((AF12+AG12)*C12,0) -> -1 | AI12: =AF12+AG12+AH12 -> 36 | AJ12: =AI12 -> 36 | AK12: 0 | AL12: =-ROUND((AJ12+AK12)*C12,0) -> -1 | AM12: =AJ12+AK12+AL12 -> 35 | AN12: =AM12 -> 35 | AO12: 0 | AP12: =-ROUND((AN12+AO12)*C12,0) -> -1 | AQ12: =AN12+AO12+AP12 -> 34
A13: UDAC PYME BUZON | B13: Llamadas | C13: ='Tasa Rotación'!I12 -> 0 | D13: 17 | E13: 0 | F13: 0 | G13: 17 | H13: 17 | I13: 0 | J13: 0 | K13: 17 | L13: 18 | M13: 0 | N13: 0 | O13: 18 | P13: 17 | Q13: 0 | R13: 0 | S13: 17 | T13: 16 | U13: 0 | V13: 0 | W13: 16 | X13: 16 | Y13: 0 | Z13: 0 | AA13: 16 | AB13: =AA13 -> 16 | AC13: 0 | AD13: =-ROUND((AB13+AC13)*C13,0) -> 0 | AE13: =AB13+AC13+AD13 -> 16 | AF13: =AE13 -> 16 | AG13: 0 | AH13: =-ROUND((AF13+AG13)*C13,0) -> 0 | AI13: =AF13+AG13+AH13 -> 16 | AJ13: =AI13 -> 16 | AK13: 0 | AL13: =-ROUND((AJ13+AK13)*C13,0) -> 0 | AM13: =AJ13+AK13+AL13 -> 16 | AN13: =AM13 -> 16 | AO13: 0 | AP13: =-ROUND((AN13+AO13)*C13,0) -> 0 | AQ13: =AN13+AO13+AP13 -> 16
A14: OPERACIONES NO RECONOCIDAS | B14: Llamadas | C14: ='Tasa Rotación'!I13 -> 0.0062893082 | D14: 87 | E14: 0 | F14: -1 | G14: 86 | H14: 94 | I14: 0 | J14: 0 | K14: 94 | L14: 109 | M14: 0 | N14: 0 | O14: 109 | P14: 106 | Q14: 0 | R14: -2 | S14: 104 | T14: 106 | U14: 0 | V14: 0 | W14: 106 | X14: 117 | Y14: 1 | Z14: 0 | AA14: 118 | AB14: =AA14 -> 118 | AC14: 0 | AD14: =-ROUND((AB14+AC14)*C14,0) -> -1 | AE14: =AB14+AC14+AD14 -> 117 | AF14: =AE14 -> 117 | AG14: 0 | AH14: =-ROUND((AF14+AG14)*C14,0) -> -1 | AI14: =AF14+AG14+AH14 -> 116 | AJ14: =AI14 -> 116 | AK14: 0 | AL14: =-ROUND((AJ14+AK14)*C14,0) -> -1 | AM14: =AJ14+AK14+AL14 -> 115 | AN14: =AM14 -> 115 | AO14: 0 | AP14: =-ROUND((AN14+AO14)*C14,0) -> -1 | AQ14: =AN14+AO14+AP14 -> 114
A15: FUERA DE TURNO | B15: Llamadas | C15: ='Tasa Rotación'!I14 -> 0 | D15: 34 | E15: 0 | F15: 0 | G15: 34 | H15: 34 | I15: 0 | J15: 0 | K15: 34 | L15: 34 | M15: 0 | N15: 0 | O15: 34 | P15: 34 | Q15: 0 | R15: 0 | S15: 34 | T15: 34 | U15: 0 | V15: 0 | W15: 34 | X15: 36 | Y15: 0 | Z15: 0 | AA15: 36 | AB15: =AA15 -> 36 | AC15: 0 | AD15: =-ROUND((AB15+AC15)*C15,0) -> 0 | AE15: =AB15+AC15+AD15 -> 36 | AF15: =AE15 -> 36 | AG15: 0 | AH15: =-ROUND((AF15+AG15)*C15,0) -> 0 | AI15: =AF15+AG15+AH15 -> 36 | AJ15: =AI15 -> 36 | AK15: 0 | AL15: =-ROUND((AJ15+AK15)*C15,0) -> 0 | AM15: =AJ15+AK15+AL15 -> 36 | AN15: =AM15 -> 36 | AO15: 0 | AP15: =-ROUND((AN15+AO15)*C15,0) -> 0 | AQ15: =AN15+AO15+AP15 -> 36
A16: OPERACIONES TRUNCAS | B16: Llamadas | C16: ='Tasa Rotación'!I15 -> 0 | D16: 12 | E16: 0 | F16: 0 | G16: 12 | H16: 13 | I16: 0 | J16: 0 | K16: 13 | L16: 13 | M16: 0 | N16: 0 | O16: 13 | P16: 13 | Q16: 0 | R16: 0 | S16: 13 | T16: 13 | U16: 0 | V16: 0 | W16: 13 | X16: 13 | Y16: 0 | Z16: 0 | AA16: 13 | AB16: =AA16 -> 13 | AC16: 0 | AD16: =-ROUND((AB16+AC16)*C16,0) -> 0 | AE16: =AB16+AC16+AD16 -> 13 | AF16: =AE16 -> 13 | AG16: 0 | AH16: =-ROUND((AF16+AG16)*C16,0) -> 0 | AI16: =AF16+AG16+AH16 -> 13 | AJ16: =AI16 -> 13 | AK16: 0 | AL16: =-ROUND((AJ16+AK16)*C16,0) -> 0 | AM16: =AJ16+AK16+AL16 -> 13 | AN16: =AM16 -> 13 | AO16: 0 | AP16: =-ROUND((AN16+AO16)*C16,0) -> 0 | AQ16: =AN16+AO16+AP16 -> 13
A17: BANCA SEGURO | B17: Llamadas | C17: ='Tasa Rotación'!I16 -> 0 | D17: 43 | E17: 0 | F17: 0 | G17: 43 | H17: 41 | I17: 0 | J17: -2 | K17: 39 | L17: 40 | M17: 0 | N17: 0 | O17: 40 | P17: 39 | Q17: 0 | R17: 0 | S17: 39 | T17: 23 | U17: 0 | V17: 0 | W17: 23 | X17: 23 | Y17: 0 | Z17: 0 | AA17: 23 | AB17: =AA17 -> 23 | AC17: 0 | AD17: =-ROUND((AB17+AC17)*C17,0) -> 0 | AE17: =AB17+AC17+AD17 -> 23 | AF17: =AE17 -> 23 | AG17: 0 | AH17: =-ROUND((AF17+AG17)*C17,0) -> 0 | AI17: =AF17+AG17+AH17 -> 23 | AJ17: =AI17 -> 23 | AK17: 0 | AL17: =-ROUND((AJ17+AK17)*C17,0) -> 0 | AM17: =AJ17+AK17+AL17 -> 23 | AN17: =AM17 -> 23 | AO17: 0 | AP17: =-ROUND((AN17+AO17)*C17,0) -> 0 | AQ17: =AN17+AO17+AP17 -> 23
A18: BANCA SEGURO RETENCIONES | B18: Llamadas | C18: ='Tasa Rotación'!I17 -> 0 | D18: 23 | E18: 0 | F18: 0 | G18: 23 | H18: 25 | I18: 0 | J18: 0 | K18: 25 | L18: 26 | M18: 0 | N18: 0 | O18: 26 | P18: 28 | Q18: 0 | R18: 0 | S18: 28 | T18: 26 | U18: 0 | V18: 0 | W18: 26 | X18: 29 | Y18: 0 | Z18: 0 | AA18: 29 | AB18: =AA18 -> 29 | AC18: 0 | AD18: =-ROUND((AB18+AC18)*C18,0) -> 0 | AE18: =AB18+AC18+AD18 -> 29 | AF18: =AE18 -> 29 | AG18: 0 | AH18: =-ROUND((AF18+AG18)*C18,0) -> 0 | AI18: =AF18+AG18+AH18 -> 29 | AJ18: =AI18 -> 29 | AK18: 0 | AL18: =-ROUND((AJ18+AK18)*C18,0) -> 0 | AM18: =AJ18+AK18+AL18 -> 29 | AN18: =AM18 -> 29 | AO18: 0 | AP18: =-ROUND((AN18+AO18)*C18,0) -> 0 | AQ18: =AN18+AO18+AP18 -> 29
A19: RETENCIONES | B19: Llamadas | C19: ='Tasa Rotación'!I18 -> 0 | D19: 14 | E19: 0 | F19: 0 | G19: 14 | H19: 15 | I19: 0 | J19: 0 | K19: 15 | L19: 15 | M19: 0 | N19: 0 | O19: 15 | P19: 15 | Q19: 0 | R19: 0 | S19: 15 | T19: 15 | U19: 0 | V19: 0 | W19: 15 | X19: 15 | Y19: 0 | Z19: 0 | AA19: 15 | AB19: =AA19 -> 15 | AC19: 0 | AD19: =-ROUND((AB19+AC19)*C19,0) -> 0 | AE19: =AB19+AC19+AD19 -> 15 | AF19: =AE19 -> 15 | AG19: 0 | AH19: =-ROUND((AF19+AG19)*C19,0) -> 0 | AI19: =AF19+AG19+AH19 -> 15 | AJ19: =AI19 -> 15 | AK19: 0 | AL19: =-ROUND((AJ19+AK19)*C19,0) -> 0 | AM19: =AJ19+AK19+AL19 -> 15 | AN19: =AM19 -> 15 | AO19: 0 | AP19: =-ROUND((AN19+AO19)*C19,0) -> 0 | AQ19: =AN19+AO19+AP19 -> 15
... A27: BLOQUEOS | B27: Llamadas | C27: ='Tasa Rotación'!I26 -> 0 | D27: 15 | E27: 0 | F27: 0 | G27: 15 | H27: 15 | I27: 0 | J27: 0 | K27: 15 | L27: 14 | M27: 0 | N27: 0 | O27: 14 | P27: 14 | Q27: 0 | R27: 0 | S27: 14 | T27: 14 | U27: 0 | V27: 0 | W27: 14 | X27: 0 | Y27: 0 | Z27: 0 | AA27: 0 | AB27: =AA27 -> 0 | AC27: 0 | AD27: =-ROUND((AB27+AC27)*C27,0) -> 0 | AE27: =AB27+AC27+AD27 -> 0 | AF27: =AE27 -> 0 | AG27: 0 | AH27: =-ROUND((AF27+AG27)*C27,0) -> 0 | AI27: =AF27+AG27+AH27 -> 0 | AJ27: =AI27 -> 0 | AK27: 0 | AL27: =-ROUND((AJ27+AK27)*C27,0) -> 0 | AM27: =AJ27+AK27+AL27 -> 0 | AN27: =AM27 -> 0 | AO27: 0 | AP27: =-ROUND((AN27+AO27)*C27,0) -> 0 | AQ27: =AN27+AO27+AP27 -> 0
A28: CONTACTOS WEB | B28: Chats | C28: ='Tasa Rotación'!I27 -> 0.018497781 | D28: 155 | E28: 0 | F28: -7 | G28: 148 | H28: 147 | I28: 0 | J28: -6 | K28: 141 | L28: 147 | M28: 10 | N28: -12 | O28: 145 | P28: 141 | Q28: 0 | R28: -7 | S28: 134 | T28: 146 | U28: 14 | V28: -14 | W28: 146 | X28: 171 | Y28: 30 | Z28: -31 | AA28: 170 | AB28: =AA28 -> 170 | AC28: =Resumen!H25 -> 12 | AD28: =-ROUND((AB28+AC28)*C28,0) -> -3 | AE28: =AB28+AC28+AD28 -> 179 | AF28: =AE28 -> 179 | AG28: =Resumen!I25 -> 20 | AH28: =-ROUND((AF28+AG28)*C28,0) -> -4 | AI28: =AF28+AG28+AH28 -> 195 | AJ28: =AI28 -> 195 | AK28: =Resumen!J25 -> 32 | AL28: =-ROUND((AJ28+AK28)*C28,0) -> -4 | AM28: =AJ28+AK28+AL28 -> 223 | AN28: =AM28 -> 223 | AO28: =Resumen!K25 -> 32 | AP28: =-ROUND((AN28+AO28)*C28,0) -> -5 | AQ28: =AN28+AO28+AP28 -> 250
A29: REDES SOCIALES | B29: Chats | C29: ='Tasa Rotación'!I28 -> 0 | D29: 15 | E29: 0 | F29: -1 | G29: 14 | H29: 13 | I29: 0 | J29: 0 | K29: 13 | L29: 12 | M29: 0 | N29: 0 | O29: 12 | P29: 11 | Q29: 0 | R29: 0 | S29: 11 | T29: 13 | U29: 0 | V29: 0 | W29: 13 | X29: 13 | Y29: 0 | Z29: 0 | AA29: 13 | AB29: =AA29 -> 13 | AC29: 0 | AD29: =-ROUND((AB29+AC29)*C29,0) -> 0 | AE29: =AB29+AC29+AD29 -> 13 | AF29: =AE29 -> 13 | AG29: 0 | AH29: =-ROUND((AF29+AG29)*C29,0) -> 0 | AI29: =AF29+AG29+AH29 -> 13 | AJ29: =AI29 -> 13 | AK29: 0 | AL29: =-ROUND((AJ29+AK29)*C29,0) -> 0 | AM29: =AJ29+AK29+AL29 -> 13 | AN29: =AM29 -> 13 | AO29: 0 | AP29: =-ROUND((AN29+AO29)*C29,0) -> 0 | AQ29: =AN29+AO29+AP29 -> 13
A31: TOTAL | D31: =SUM(D5:D29) -> 1028 | E31: =SUM(E5:E29) -> 36 | F31: =SUM(F5:F29) -> -56 | G31: =SUM(G5:G29) -> 1008 | H31: =SUM(H5:H29) -> 1038 | I31: =SUM(I5:I29) -> 32 | J31: =SUM(J5:J29) -> -62 | K31: =SUM(K5:K29) -> 1008 | ... AQ31: =SUM(AQ5:AQ29) -> 1115
A33: LEYENDA
A34: Datos reales (Ene-Jun)
A35: Ingresos (editable o desde Resumen)
A36: Cierre con fórmula
