Workbook

Sheet Resumen
A1: RESUMEN MENSUAL - CAPACITY VS REAL
A3: Capacity | B3: Ene'26 | C3: Feb'26 | D3: Mar'26 | E3: Abr'26 | F3: May'26 | G3: Jun'26 | H3: Jul'26 | I3: Ago'26 | J3: Set'26 | K3: Oct'26
A4: Llamadas | B4: 856 | C4: 901 | D4: 893 | E4: 858 | F4: 836 | G4: 889 | H4: 851 | I4: 784 | J4: 761 | K4: 732
A5: Chats | B5: 170 | C5: 160 | D5: 159 | E5: 152 | F5: 171 | G5: 227 | H5: 245 | I5: 242 | J5: 255 | K5: 240
A6: Inbound | B6: =B4+B5 -> 1026 | C6: =C4+C5 -> 1061 | D6: =D4+D5 -> 1052 | E6: =E4+E5 -> 1010 | F6: =F4+F5 -> 1007 | G6: =G4+G5 -> 1116 | H6: =H4+H5 -> 1096 | I6: =I4+I5 -> 1026 | ... K6: =K4+K5 -> 972
A8: Real (cierre) | B8: Ene'26 | C8: Feb'26 | D8: Mar'26 | E8: Abr'26 | F8: May'26 | G8: Jun'26 | H8: Jul'26 | I8: Ago'26 | J8: Set'26 | K8: Oct'26
A9: Llamadas | B9: 846 | C9: 854 | D9: 865 | E9: 858 | F9: 824 | G9: 832 | H9: =SUMIF(Proyección!B5:B29,"Llamadas",Proyección!H5:H29) -> 839 | I9: =SUMIF(Proyección!B5:B29,"Llamadas",Proyección!K5:K29) -> 849 | J9: =SUMIF(Proyección!B5:B29,"Llamadas",Proyección!N5:N29) -> 851 | K9: =SUMIF(Proyección!B5:B29,"Llamadas",Proyección!Q5:Q29) -> 852
A10: Chats | B10: 162 | C10: 154 | D10: 157 | E10: 145 | F10: 159 | G10: 183 | H10: =SUMIF(Proyección!B5:B29,"Chats",Proyección!H5:H29) -> 192 | I10: =SUMIF(Proyección!B5:B29,"Chats",Proyección!K5:K29) -> 208 | J10: =SUMIF(Proyección!B5:B29,"Chats",Proyección!N5:N29) -> 236 | K10: =SUMIF(Proyección!B5:B29,"Chats",Proyección!Q5:Q29) -> 263
A11: Inbound | B11: =B9+B10 -> 1008 | C11: =C9+C10 -> 1008 | D11: =D9+D10 -> 1022 | E11: =E9+E10 -> 1003 | F11: =F9+F10 -> 983 | G11: =G9+G10 -> 1015 | H11: =H9+H10 -> 1031 | I11: =I9+I10 -> 1057 | ... K11: =K9+K10 -> 1115
A13: Salidas | B13: Ene'26 | C13: Feb'26 | D13: Mar'26 | E13: Abr'26 | F13: May'26 | G13: Jun'26 | H13: Jul'26 | I13: Ago'26 | J13: Set'26 | K13: Oct'26
A14: Llamadas | B14: -12 | C14: -24 | D14: -10 | E14: -21 | F14: -23 | G14: -6 | H14: =SUMIF(Proyección!B5:B29,"Llamadas",Proyección!G5:G29) -> -16 | I14: =SUMIF(Proyección!B5:B29,"Llamadas",Proyección!J5:J29) -> -17 | J14: =SUMIF(Proyección!B5:B29,"Llamadas",Proyección!M5:M29) -> -16 | K14: =SUMIF(Proyección!B5:B29,"Llamadas",Proyección!P5:P29) -> -17
A15: Chats | B15: -8 | C15: -6 | D15: -2 | E15: -7 | F15: 0 | G15: -1 | H15: =SUMIF(Proyección!B5:B29,"Chats",Proyección!G5:G29) -> -3 | I15: =SUMIF(Proyección!B5:B29,"Chats",Proyección!J5:J29) -> -4 | J15: =SUMIF(Proyección!B5:B29,"Chats",Proyección!M5:M29) -> -4 | K15: =SUMIF(Proyección!B5:B29,"Chats",Proyección!P5:P29) -> -5
A16: Inbound | B16: =B14+B15 -> -20 | C16: =C14+C15 -> -30 | D16: =D14+D15 -> -12 | E16: =E14+E15 -> -28 | F16: =F14+F15 -> -23 | G16: =G14+G15 -> -7 | H16: =H14+H15 -> -19 | I16: =I14+I15 -> -21 | ... K16: =K14+K15 -> -22
A18: R&S | B18: Ene'26 | C18: Feb'26 | D18: Mar'26 | E18: Abr'26 | F18: May'26 | G18: Jun'26 | H18: Jul'26 | I18: Ago'26 | J18: Set'26 | K18: Oct'26
A19: Llamadas | B19: 44 | C19: 48 | D19: 33 | E19: 23 | F19: 25 | G19: 30 | H19: 20 | I19: 20 | J19: 20 | K19: 20
A20: Chats | B20: 11 | C20: 0 | D20: 16 | E20: 30 | F20: 13 | G20: 22 | H20: 35 | I20: 35 | J20: 35 | K20: 35
A21: Inbound | B21: =B19+B20 -> 55 | C21: =C19+C20 -> 48 | D21: =D19+D20 -> 49 | E21: =E19+E20 -> 53 | F21: =F19+F20 -> 38 | G21: =G19+G20 -> 52 | H21: =H19+H20 -> 55 | I21: =I19+I20 -> 55 | ... K21: =K19+K20 -> 55
A23: Ingresos | B23: Ene'26 | C23: Feb'26 | D23: Mar'26 | E23: Abr'26 | F23: May'26 | G23: Jun'26 | H23: Jul'26 | I23: Ago'26 | J23: Set'26 | K23: Oct'26
A24: Llamadas | B24: 36 | C24: 32 | D24: 40 | E24: 43 | F24: 30 | G24: 19 | H24: =ROUND(F19*0.9,0) -> 23 | I24: =ROUND(G19*0.9,0) -> 27 | J24: =ROUND(H19*0.9,0) -> 18 | K24: =ROUND(I19*0.9,0) -> 18
A25: Chats | B25: 0 | C25: 0 | D25: 10 | E25: 0 | F25: 14 | G25: 30 | H25: =ROUND(F20*0.9,0) -> 12 | I25: =ROUND(G20*0.9,0) -> 20 | J25: =ROUND(H20*0.9,0) -> 32 | K25: =ROUND(I20*0.9,0) -> 32
A26: Inbound | B26: =B24+B25 -> 36 | C26: =C24+C25 -> 32 | D26: =D24+D25 -> 50 | E26: =E24+E25 -> 43 | F26: =F24+F25 -> 44 | G26: =G24+G25 -> 49 | H26: =H24+H25 -> 35 | I26: =I24+I25 -> 47 | ... K26: =K24+K25 -> 50
A28: Cobertura | B28: Ene'26 | C28: Feb'26 | D28: Mar'26 | E28: Abr'26 | F28: May'26 | G28: Jun'26 | H28: Jul'26 | I28: Ago'26 | J28: Set'26 | K28: Oct'26
A29: Llamadas | B29: =B9/B4 -> 0.98831776 | C29: =C9/C4 -> 0.94783574 | D29: =D9/D4 -> 0.96864502 | E29: =E9/E4 -> 1 | F29: =F9/F4 -> 0.98564593 | G29: =G9/G4 -> 0.93588301 | H29: =H9/H4 -> 0.98589894 | I29: =I9/I4 -> 1.0829082 | ... K29: =K9/K4 -> 1.1639344
A30: Chats | B30: =B10/B5 -> 0.95294118 | C30: =C10/C5 -> 0.9625 | D30: =D10/D5 -> 0.98742138 | E30: =E10/E5 -> 0.95394737 | F30: =F10/F5 -> 0.92982456 | G30: =G10/G5 -> 0.8061674 | H30: =H10/H5 -> 0.78367347 | I30: =I10/I5 -> 0.85950413 | ... K30: =K10/K5 -> 1.0958333
A31: Inbound | B31: =B11/B6 -> 0.98245614 | C31: =C11/C6 -> 0.95004713 | D31: =D11/D6 -> 0.97148289 | E31: =E11/E6 -> 0.99306931 | F31: =F11/F6 -> 0.97616683 | G31: =G11/G6 -> 0.90949821 | H31: =H11/H6 -> 0.94069343 | I31: =I11/I6 -> 1.0302144 | ... K31: =K11/K6 -> 1.1471193
A34: NOTA: Las celdas amarillas son tu R&S futuro editable. Modifícalas y todo se recalcula.

Sheet Tasa Rotación
A1: TASA DE ROTACIÓN POR LÍNEA
A2: Tasa = (INI - REAL)/INI. Tasa Proyectada = promedio últimos 3 meses (Abr, May, Jun)
A3: Línea | B3: Mundo | C3: Ene | D3: Feb | E3: Mar | F3: Abr | G3: May | H3: Jun | I3: Tasa Proy
A4: CONSULTAS GENERALES | B4: Llamadas | C4: 0.01369863 | D4: 0.036912752 | E4: 0.0073529412 | F4: 0.046428571 | G4: 0.038327526 | H4: 0.0033333333 | I4: =AVERAGE(F4:H4) -> 0.029363144
A5: SWAT | B5: Llamadas | C5: 0 | D5: 0 | E5: 0 | F5: 0.045454545 | G5: 0.047619048 | H5: 0 | I5: =AVERAGE(F5:H5) -> 0.031024531
A6: TRAINEE LLAMADAS | B6: Llamadas | C6: 0 | D6: 0.075757576 | E6: 0.0125 | F6: 0.014705882 | G6: 0.080645161 | H6: 0 | I6: =AVERAGE(F6:H6) -> 0.031783681
A7: TRAINEE-CCGG | B7: Llamadas | C7: 0.088235294 | D7: 0.081081081 | E7: 0.13333333 | F7: 0.071428571 | G7: 0.10344828 | H7: 0.0625 | I7: =AVERAGE(F7:H7) -> 0.079125616
A8: CANALES DIGITALES | B8: Llamadas | C8: 0 | D8: 0 | E8: 0 | F8: 0 | G8: 0.25 | H8: 0 | I8: =AVERAGE(F8:H8) -> 0.083333333
A9: UDAC BANCA MAYORISTA | B9: Llamadas | C9: 0 | D9: 0 | E9: 0 | F9: 0 | G9: 0 | H9: 0 | I9: =AVERAGE(F9:H9) -> 0
A10: UDAC BANCA NEGOCIOS | B10: Llamadas | C10: 0 | D10: 0 | E10: 0 | F10: 0 | G10: 0 | H10: 0 | I10: =AVERAGE(F10:H10) -> 0
A11: UDAC PYME | B11: Llamadas | C11: 0 | D11: 0.04 | E11: 0.075 | F11: 0 | G11: 0 | H11: 0.05 | I11: =AVERAGE(F11:H11) -> 0.016666667
A12: UDAC PYME BUZON | B12: Llamadas | C12: 0 | D12: 0 | E12: 0 | F12: 0 | G12: 0 | H12: 0 | I12: =AVERAGE(F12:H12) -> 0
A13: OPERACIONES NO RECONOCIDAS | B13: Llamadas | C13: 0.011494253 | D13: 0 | E13: 0 | F13: 0.018867925 | G13: 0 | H13: 0 | I13: =AVERAGE(F13:H13) -> 0.0062893082
A14: FUERA DE TURNO | B14: Llamadas | C14: 0 | D14: 0 | E14: 0 | F14: 0 | G14: 0 | H14: 0 | I14: =AVERAGE(F14:H14) -> 0
A15: OPERACIONES TRUNCAS | B15: Llamadas | C15: 0 | D15: 0 | E15: 0 | F15: 0 | G15: 0 | H15: 0 | I15: =AVERAGE(F15:H15) -> 0
... A28: REDES SOCIALES | B28: Chats | C28: 0.066666667 | D28: 0 | E28: 0 | F28: 0 | G28: 0 | H28: 0 | I28: =AVERAGE(F28:H28) -> 0

Sheet Proyección
A1: PROYECCIÓN POR LÍNEA - JUL A OCT 2026
A2: Para cada mes: Salidas (calculado por tasa), Ingresos (de Pedidos), Cierre = Cierre anterior + Ingresos + Salidas
F3: JULIO | I3: AGOSTO | L3: SEPTIEMBRE | O3: OCTUBRE
A4: Línea | B4: Mundo | C4: Tasa | D4: May Real | E4: Jun Real | F4: Ing | G4: Sal | H4: Cierre | I4: Ing | J4: Sal | K4: Cierre | L4: Ing | M4: Sal | N4: Cierre | O4: Ing | P4: Sal | Q4: Cierre
A5: CONSULTAS GENERALES | B5: Llamadas | C5: ='Tasa Rotación'!I4 -> 0.029363144 | D5: 276 | E5: 299 | F5: 0 | G5: =-ROUND((E5+F5)*C5,0) -> -9 | H5: =E5+F5+G5 -> 290 | I5: 0 | J5: =-ROUND((H5+I5)*C5,0) -> -9 | K5: =H5+I5+J5 -> 281 | L5: 0 | M5: =-ROUND((K5+L5)*C5,0) -> -8 | N5: =K5+L5+M5 -> 273 | O5: 0 | P5: =-ROUND((N5+O5)*C5,0) -> -8 | Q5: =N5+O5+P5 -> 265
A6: SWAT | B6: Llamadas | C6: ='Tasa Rotación'!I5 -> 0.031024531 | D6: 20 | E6: 21 | F6: 0 | G6: =-ROUND((E6+F6)*C6,0) -> -1 | H6: =E6+F6+G6 -> 20 | I6: 0 | J6: =-ROUND((H6+I6)*C6,0) -> -1 | K6: =H6+I6+J6 -> 19 | L6: 0 | M6: =-ROUND((K6+L6)*C6,0) -> -1 | N6: =K6+L6+M6 -> 18 | O6: 0 | P6: =-ROUND((N6+O6)*C6,0) -> -1 | Q6: =N6+O6+P6 -> 17
A7: TRAINEE LLAMADAS | B7: Llamadas | C7: ='Tasa Rotación'!I6 -> 0.031783681 | D7: 57 | E7: 43 | F7: =Resumen!H24 -> 23 | G7: =-ROUND((E7+F7)*C7,0) -> -2 | H7: =E7+F7+G7 -> 64 | I7: =Resumen!I24 -> 27 | J7: =-ROUND((H7+I7)*C7,0) -> -3 | K7: =H7+I7+J7 -> 88 | L7: =Resumen!J24 -> 18 | M7: =-ROUND((K7+L7)*C7,0) -> -3 | N7: =K7+L7+M7 -> 103 | O7: =Resumen!K24 -> 18 | P7: =-ROUND((N7+O7)*C7,0) -> -4 | Q7: =N7+O7+P7 -> 117
A8: TRAINEE-CCGG | B8: Llamadas | C8: ='Tasa Rotación'!I7 -> 0.079125616 | D8: 26 | E8: 30 | F8: 0 | G8: =-ROUND((E8+F8)*C8,0) -> -2 | H8: =E8+F8+G8 -> 28 | I8: 0 | J8: =-ROUND((H8+I8)*C8,0) -> -2 | K8: =H8+I8+J8 -> 26 | L8: 0 | M8: =-ROUND((K8+L8)*C8,0) -> -2 | N8: =K8+L8+M8 -> 24 | O8: 0 | P8: =-ROUND((N8+O8)*C8,0) -> -2 | Q8: =N8+O8+P8 -> 22
A9: CANALES DIGITALES | B9: Llamadas | C9: ='Tasa Rotación'!I8 -> 0.083333333 | D9: 9 | E9: 0 | F9: 0 | G9: =-ROUND((E9+F9)*C9,0) -> 0 | H9: =E9+F9+G9 -> 0 | I9: 0 | J9: =-ROUND((H9+I9)*C9,0) -> 0 | K9: =H9+I9+J9 -> 0 | L9: 0 | M9: =-ROUND((K9+L9)*C9,0) -> 0 | N9: =K9+L9+M9 -> 0 | O9: 0 | P9: =-ROUND((N9+O9)*C9,0) -> 0 | Q9: =N9+O9+P9 -> 0
A10: UDAC BANCA MAYORISTA | B10: Llamadas | C10: ='Tasa Rotación'!I9 -> 0 | D10: 38 | E10: 38 | F10: 0 | G10: =-ROUND((E10+F10)*C10,0) -> 0 | H10: =E10+F10+G10 -> 38 | I10: 0 | J10: =-ROUND((H10+I10)*C10,0) -> 0 | K10: =H10+I10+J10 -> 38 | L10: 0 | M10: =-ROUND((K10+L10)*C10,0) -> 0 | N10: =K10+L10+M10 -> 38 | O10: 0 | P10: =-ROUND((N10+O10)*C10,0) -> 0 | Q10: =N10+O10+P10 -> 38
A11: UDAC BANCA NEGOCIOS | B11: Llamadas | C11: ='Tasa Rotación'!I10 -> 0 | D11: 20 | E11: 20 | F11: 0 | G11: =-ROUND((E11+F11)*C11,0) -> 0 | H11: =E11+F11+G11 -> 20 | I11: 0 | J11: =-ROUND((H11+I11)*C11,0) -> 0 | K11: =H11+I11+J11 -> 20 | L11: 0 | M11: =-ROUND((K11+L11)*C11,0) -> 0 | N11: =K11+L11+M11 -> 20 | O11: 0 | P11: =-ROUND((N11+O11)*C11,0) -> 0 | Q11: =N11+O11+P11 -> 20
A12: UDAC PYME | B12: Llamadas | C12: ='Tasa Rotación'!I11 -> 0.016666667 | D12: 37 | E12: 38 | F12: 0 | G12: =-ROUND((E12+F12)*C12,0) -> -1 | H12: =E12+F12+G12 -> 37 | I12: 0 | J12: =-ROUND((H12+I12)*C12,0) -> -1 | K12: =H12+I12+J12 -> 36 | L12: 0 | M12: =-ROUND((K12+L12)*C12,0) -> -1 | N12: =K12+L12+M12 -> 35 | O12: 0 | P12: =-ROUND((N12+O12)*C12,0) -> -1 | Q12: =N12+O12+P12 -> 34
A13: UDAC PYME BUZON | B13: Llamadas | C13: ='Tasa Rotación'!I12 -> 0 | D13: 16 | E13: 16 | F13: 0 | G13: =-ROUND((E13+F13)*C13,0) -> 0 | H13: =E13+F13+G13 -> 16 | I13: 0 | J13: =-ROUND((H13+I13)*C13,0) -> 0 | K13: =H13+I13+J13 -> 16 | L13: 0 | M13: =-ROUND((K13+L13)*C13,0) -> 0 | N13: =K13+L13+M13 -> 16 | O13: 0 | P13: =-ROUND((N13+O13)*C13,0) -> 0 | Q13: =N13+O13+P13 -> 16
A14: OPERACIONES NO RECONOCIDAS | B14: Llamadas | C14: ='Tasa Rotación'!I13 -> 0.0062893082 | D14: 106 | E14: 118 | F14: 0 | G14: =-ROUND((E14+F14)*C14,0) -> -1 | H14: =E14+F14+G14 -> 117 | I14: 0 | J14: =-ROUND((H14+I14)*C14,0) -> -1 | K14: =H14+I14+J14 -> 116 | L14: 0 | M14: =-ROUND((K14+L14)*C14,0) -> -1 | N14: =K14+L14+M14 -> 115 | O14: 0 | P14: =-ROUND((N14+O14)*C14,0) -> -1 | Q14: =N14+O14+P14 -> 114
A15: FUERA DE TURNO | B15: Llamadas | C15: ='Tasa Rotación'!I14 -> 0 | D15: 34 | E15: 36 | F15: 0 | G15: =-ROUND((E15+F15)*C15,0) -> 0 | H15: =E15+F15+G15 -> 36 | I15: 0 | J15: =-ROUND((H15+I15)*C15,0) -> 0 | K15: =H15+I15+J15 -> 36 | L15: 0 | M15: =-ROUND((K15+L15)*C15,0) -> 0 | N15: =K15+L15+M15 -> 36 | O15: 0 | P15: =-ROUND((N15+O15)*C15,0) -> 0 | Q15: =N15+O15+P15 -> 36
A16: OPERACIONES TRUNCAS | B16: Llamadas | C16: ='Tasa Rotación'!I15 -> 0 | D16: 13 | E16: 13 | F16: 0 | G16: =-ROUND((E16+F16)*C16,0) -> 0 | H16: =E16+F16+G16 -> 13 | I16: 0 | J16: =-ROUND((H16+I16)*C16,0) -> 0 | K16: =H16+I16+J16 -> 13 | L16: 0 | M16: =-ROUND((K16+L16)*C16,0) -> 0 | N16: =K16+L16+M16 -> 13 | O16: 0 | P16: =-ROUND((N16+O16)*C16,0) -> 0 | Q16: =N16+O16+P16 -> 13
A17: BANCA SEGURO | B17: Llamadas | C17: ='Tasa Rotación'!I16 -> 0 | D17: 23 | E17: 23 | F17: 0 | G17: =-ROUND((E17+F17)*C17,0) -> 0 | H17: =E17+F17+G17 -> 23 | I17: 0 | J17: =-ROUND((H17+I17)*C17,0) -> 0 | K17: =H17+I17+J17 -> 23 | L17: 0 | M17: =-ROUND((K17+L17)*C17,0) -> 0 | N17: =K17+L17+M17 -> 23 | O17: 0 | P17: =-ROUND((N17+O17)*C17,0) -> 0 | Q17: =N17+O17+P17 -> 23
A18: BANCA SEGURO RETENCIONES | B18: Llamadas | C18: ='Tasa Rotación'!I17 -> 0 | D18: 26 | E18: 29 | F18: 0 | G18: =-ROUND((E18+F18)*C18,0) -> 0 | H18: =E18+F18+G18 -> 29 | I18: 0 | J18: =-ROUND((H18+I18)*C18,0) -> 0 | K18: =H18+I18+J18 -> 29 | L18: 0 | M18: =-ROUND((K18+L18)*C18,0) -> 0 | N18: =K18+L18+M18 -> 29 | O18: 0 | P18: =-ROUND((N18+O18)*C18,0) -> 0 | Q18: =N18+O18+P18 -> 29
A19: RETENCIONES | B19: Llamadas | C19: ='Tasa Rotación'!I18 -> 0 | D19: 15 | E19: 15 | F19: 0 | G19: =-ROUND((E19+F19)*C19,0) -> 0 | H19: =E19+F19+G19 -> 15 | I19: 0 | J19: =-ROUND((H19+I19)*C19,0) -> 0 | K19: =H19+I19+J19 -> 15 | L19: 0 | M19: =-ROUND((K19+L19)*C19,0) -> 0 | N19: =K19+L19+M19 -> 15 | O19: 0 | P19: =-ROUND((N19+O19)*C19,0) -> 0 | Q19: =N19+O19+P19 -> 15
... A27: BLOQUEOS | B27: Llamadas | C27: ='Tasa Rotación'!I26 -> 0 | D27: 14 | E27: 0 | F27: 0 | G27: =-ROUND((E27+F27)*C27,0) -> 0 | H27: =E27+F27+G27 -> 0 | I27: 0 | J27: =-ROUND((H27+I27)*C27,0) -> 0 | K27: =H27+I27+J27 -> 0 | L27: 0 | M27: =-ROUND((K27+L27)*C27,0) -> 0 | N27: =K27+L27+M27 -> 0 | O27: 0 | P27: =-ROUND((N27+O27)*C27,0) -> 0 | Q27: =N27+O27+P27 -> 0
A28: CONTACTOS WEB | B28: Chats | C28: ='Tasa Rotación'!I27 -> 0.018497781 | D28: 146 | E28: 170 | F28: =Resumen!H25 -> 12 | G28: =-ROUND((E28+F28)*C28,0) -> -3 | H28: =E28+F28+G28 -> 179 | I28: =Resumen!I25 -> 20 | J28: =-ROUND((H28+I28)*C28,0) -> -4 | K28: =H28+I28+J28 -> 195 | L28: =Resumen!J25 -> 32 | M28: =-ROUND((K28+L28)*C28,0) -> -4 | N28: =K28+L28+M28 -> 223 | O28: =Resumen!K25 -> 32 | P28: =-ROUND((N28+O28)*C28,0) -> -5 | Q28: =N28+O28+P28 -> 250
A29: REDES SOCIALES | B29: Chats | C29: ='Tasa Rotación'!I28 -> 0 | D29: 13 | E29: 13 | F29: 0 | G29: =-ROUND((E29+F29)*C29,0) -> 0 | H29: =E29+F29+G29 -> 13 | I29: 0 | J29: =-ROUND((H29+I29)*C29,0) -> 0 | K29: =H29+I29+J29 -> 13 | L29: 0 | M29: =-ROUND((K29+L29)*C29,0) -> 0 | N29: =K29+L29+M29 -> 13 | O29: 0 | P29: =-ROUND((N29+O29)*C29,0) -> 0 | Q29: =N29+O29+P29 -> 13
A31: TOTAL | D31: =SUM(D5:D29) -> 983 | E31: =SUM(E5:E29) -> 1015 | F31: =SUM(F5:F29) -> 35 | G31: =SUM(G5:G29) -> -19 | H31: =SUM(H5:H29) -> 1031 | I31: =SUM(I5:I29) -> 47 | J31: =SUM(J5:J29) -> -21 | K31: =SUM(K5:K29) -> 1057 | ... Q31: =SUM(Q5:Q29) -> 1115
A33: LEYENDA
A34: Datos reales (no tocar)
A35: Editable (ingresos)
A36: Fórmulas (cierre auto)
