Workbook

Sheet Tasa Rotación
A1: TASA DE ROTACIÓN HISTÓRICA Y PROYECTADA POR LÍNEA
A2: Tasa = (INI mes - REAL mes) / INI mes. Proyección = promedio últimos 3 meses (Abr, May, Jun)
A4: Línea | B4: Categoría | C4: Mundo | D4: Ene | E4: Feb | F4: Mar | G4: Abr | H4: May | I4: Jun | J4: Tasa Proy
A5: CONSULTAS GENERALES | B5: Susana | C5: Llamadas | D5: 0.01369863 | E5: 0.036912752 | F5: 0.0073529412 | G5: 0.046428571 | H5: 0.038327526 | I5: 0.0033333333 | J5: =AVERAGE(G5:I5) -> 0.029363144
A6: SWAT | B6: Susana | C6: Llamadas | D6: 0 | E6: 0 | F6: 0 | G6: 0.045454545 | H6: 0.047619048 | I6: 0 | J6: =AVERAGE(G6:I6) -> 0.031024531
A7: TRAINEE LLAMADAS | B7: Susana | C7: Llamadas | D7: 0 | E7: 0.075757576 | F7: 0.0125 | G7: 0.014705882 | H7: 0.080645161 | I7: 0 | J7: =AVERAGE(G7:I7) -> 0.031783681
A8: TRAINEE-CCGG | B8: Susana | C8: Llamadas | D8: 0.088235294 | E8: 0.081081081 | F8: 0.13333333 | G8: 0.071428571 | H8: 0.10344828 | I8: 0.0625 | J8: =AVERAGE(G8:I8) -> 0.079125616
A9: CANALES DIGITALES | B9: Susana | C9: Llamadas | D9: 0 | E9: 0 | F9: 0 | G9: 0 | H9: 0.25 | I9: 0 | J9: =AVERAGE(G9:I9) -> 0.083333333
A10: UDAC BANCA MAYORISTA | B10: Jacqueline | C10: Llamadas | D10: 0 | E10: 0 | F10: 0 | G10: 0 | H10: 0 | I10: 0 | J10: =AVERAGE(G10:I10) -> 0
A11: UDAC BANCA NEGOCIOS | B11: Jacqueline | C11: Llamadas | D11: 0 | E11: 0 | F11: 0 | G11: 0 | H11: 0 | I11: 0 | J11: =AVERAGE(G11:I11) -> 0
A12: UDAC PYME | B12: Jacqueline | C12: Llamadas | D12: 0 | E12: 0.04 | F12: 0.075 | G12: 0 | H12: 0 | I12: 0.05 | J12: =AVERAGE(G12:I12) -> 0.016666667
A13: UDAC PYME BUZON | B13: Jacqueline | C13: Llamadas | D13: 0 | E13: 0 | F13: 0 | G13: 0 | H13: 0 | I13: 0 | J13: =AVERAGE(G13:I13) -> 0
A14: OPERACIONES NO RECONOCIDAS | B14: Jacqueline | C14: Llamadas | D14: 0.011494253 | E14: 0 | F14: 0 | G14: 0.018867925 | H14: 0 | I14: 0 | J14: =AVERAGE(G14:I14) -> 0.0062893082
A15: FUERA DE TURNO | B15: Jacqueline | C15: Llamadas | D15: 0 | E15: 0 | F15: 0 | G15: 0 | H15: 0 | I15: 0 | J15: =AVERAGE(G15:I15) -> 0
A16: OPERACIONES TRUNCAS | B16: Jacqueline | C16: Llamadas | D16: 0 | E16: 0 | F16: 0 | G16: 0 | H16: 0 | I16: 0 | J16: =AVERAGE(G16:I16) -> 0
... A29: REDES SOCIALES | B29: Luis Patricio | C29: Chats | D29: 0.066666667 | E29: 0 | F29: 0 | G29: 0 | H29: 0 | I29: 0 | J29: =AVERAGE(G29:I29) -> 0

Sheet Proyección
A1: PROYECCIÓN CIERRE POR LÍNEA (basada en tasa de rotación)
A2: Forecast cierre mes = INI mes × (1 - tasa rotación). INI mes siguiente = cierre del anterior
A4: Línea | B4: Mundo | C4: Tasa | D4: May (real) | E4: Jun (real) | F4: Jul | G4: Ago | H4: Sep | I4: Oct
A5: CONSULTAS GENERALES | B5: Llamadas | C5: ='Tasa Rotación'!J5 -> 0.029363144 | D5: 276 | E5: 299 | F5: =ROUND(E5*(1-C5),0) -> 290 | G5: =ROUND(F5*(1-C5),0) -> 281 | H5: =ROUND(G5*(1-C5),0) -> 273 | I5: =ROUND(H5*(1-C5),0) -> 265
A6: SWAT | B6: Llamadas | C6: ='Tasa Rotación'!J6 -> 0.031024531 | D6: 20 | E6: 21 | F6: =ROUND(E6*(1-C6),0) -> 20 | G6: =ROUND(F6*(1-C6),0) -> 19 | H6: =ROUND(G6*(1-C6),0) -> 18 | I6: =ROUND(H6*(1-C6),0) -> 17
A7: TRAINEE LLAMADAS | B7: Llamadas | C7: ='Tasa Rotación'!J7 -> 0.031783681 | D7: 57 | E7: 43 | F7: =ROUND(E7*(1-C7),0) -> 42 | G7: =ROUND(F7*(1-C7),0) -> 41 | H7: =ROUND(G7*(1-C7),0) -> 40 | I7: =ROUND(H7*(1-C7),0) -> 39
A8: TRAINEE-CCGG | B8: Llamadas | C8: ='Tasa Rotación'!J8 -> 0.079125616 | D8: 26 | E8: 30 | F8: =ROUND(E8*(1-C8),0) -> 28 | G8: =ROUND(F8*(1-C8),0) -> 26 | H8: =ROUND(G8*(1-C8),0) -> 24 | I8: =ROUND(H8*(1-C8),0) -> 22
A9: CANALES DIGITALES | B9: Llamadas | C9: ='Tasa Rotación'!J9 -> 0.083333333 | D9: 9 | E9: 0 | F9: =ROUND(E9*(1-C9),0) -> 0 | G9: =ROUND(F9*(1-C9),0) -> 0 | H9: =ROUND(G9*(1-C9),0) -> 0 | I9: =ROUND(H9*(1-C9),0) -> 0
A10: UDAC BANCA MAYORISTA | B10: Llamadas | C10: ='Tasa Rotación'!J10 -> 0 | D10: 38 | E10: 38 | F10: =ROUND(E10*(1-C10),0) -> 38 | G10: =ROUND(F10*(1-C10),0) -> 38 | H10: =ROUND(G10*(1-C10),0) -> 38 | I10: =ROUND(H10*(1-C10),0) -> 38
A11: UDAC BANCA NEGOCIOS | B11: Llamadas | C11: ='Tasa Rotación'!J11 -> 0 | D11: 20 | E11: 20 | F11: =ROUND(E11*(1-C11),0) -> 20 | G11: =ROUND(F11*(1-C11),0) -> 20 | H11: =ROUND(G11*(1-C11),0) -> 20 | I11: =ROUND(H11*(1-C11),0) -> 20
A12: UDAC PYME | B12: Llamadas | C12: ='Tasa Rotación'!J12 -> 0.016666667 | D12: 37 | E12: 38 | F12: =ROUND(E12*(1-C12),0) -> 37 | G12: =ROUND(F12*(1-C12),0) -> 36 | H12: =ROUND(G12*(1-C12),0) -> 35 | I12: =ROUND(H12*(1-C12),0) -> 34
A13: UDAC PYME BUZON | B13: Llamadas | C13: ='Tasa Rotación'!J13 -> 0 | D13: 16 | E13: 16 | F13: =ROUND(E13*(1-C13),0) -> 16 | G13: =ROUND(F13*(1-C13),0) -> 16 | H13: =ROUND(G13*(1-C13),0) -> 16 | I13: =ROUND(H13*(1-C13),0) -> 16
A14: OPERACIONES NO RECONOCIDAS | B14: Llamadas | C14: ='Tasa Rotación'!J14 -> 0.0062893082 | D14: 106 | E14: 118 | F14: =ROUND(E14*(1-C14),0) -> 117 | G14: =ROUND(F14*(1-C14),0) -> 116 | H14: =ROUND(G14*(1-C14),0) -> 115 | I14: =ROUND(H14*(1-C14),0) -> 114
A15: FUERA DE TURNO | B15: Llamadas | C15: ='Tasa Rotación'!J15 -> 0 | D15: 34 | E15: 36 | F15: =ROUND(E15*(1-C15),0) -> 36 | G15: =ROUND(F15*(1-C15),0) -> 36 | H15: =ROUND(G15*(1-C15),0) -> 36 | I15: =ROUND(H15*(1-C15),0) -> 36
A16: OPERACIONES TRUNCAS | B16: Llamadas | C16: ='Tasa Rotación'!J16 -> 0 | D16: 13 | E16: 13 | F16: =ROUND(E16*(1-C16),0) -> 13 | G16: =ROUND(F16*(1-C16),0) -> 13 | H16: =ROUND(G16*(1-C16),0) -> 13 | I16: =ROUND(H16*(1-C16),0) -> 13
... A29: REDES SOCIALES | B29: Chats | C29: ='Tasa Rotación'!J29 -> 0 | D29: 13 | E29: 13 | F29: =ROUND(E29*(1-C29),0) -> 13 | G29: =ROUND(F29*(1-C29),0) -> 13 | H29: =ROUND(G29*(1-C29),0) -> 13 | I29: =ROUND(H29*(1-C29),0) -> 13
A31: TOTAL | D31: =SUM(D5:D29) -> 983 | E31: =SUM(E5:E29) -> 1015 | F31: =SUM(F5:F29) -> 997 | G31: =SUM(G5:G29) -> 979 | H31: =SUM(H5:H29) -> 962 | I31: =SUM(I5:I29) -> 945

Sheet Resumen vs Capacity
A1: RESUMEN: FORECAST VS CAPACITY POR MUNDO
A3: Concepto | B3: May | C3: Jun | D3: Jul | E3: Ago | F3: Sep | G3: Oct
A4: LLAMADAS
A5: Capacity | B5: 836 | C5: 889 | D5: 851 | E5: 784 | F5: 761 | G5: 732
A6: Forecast | B6: 824 | C6: 832 | D6: =SUM(Proyección!F5,Proyección!F6,Proyección!F7,Proyección!F8,Proyección!F9,Proyección!F10,Proyección!F11,Proyección!F12,Proyección!F13,Proyección!F14,Proyección!F15,Proyección!F16,Proyección!F17,Proyección!F18,Proyección!F19,Proyección!F20,Proyección!F21,Proyección!F22,Proyección!F23,Proyección!F24,Proyección!F25,Proyección!F26,Proyección!F27) -> 817 | E6: =SUM(Proyección!G5,Proyección!G6,Proyección!G7,Proyección!G8,Proyección!G9,Proyección!G10,Proyección!G11,Proyección!G12,Proyección!G13,Proyección!G14,Proyección!G15,Proyección!G16,Proyección!G17,Proyección!G18,Proyección!G19,Proyección!G20,Proyección!G21,Proyección!G22,Proyección!G23,Proyección!G24,Proyección!G25,Proyección!G26,Proyección!G27) -> 802 | F6: =SUM(Proyección!H5,Proyección!H6,Proyección!H7,Proyección!H8,Proyección!H9,Proyección!H10,Proyección!H11,Proyección!H12,Proyección!H13,Proyección!H14,Proyección!H15,Proyección!H16,Proyección!H17,Proyección!H18,Proyección!H19,Proyección!H20,Proyección!H21,Proyección!H22,Proyección!H23,Proyección!H24,Proyección!H25,Proyección!H26,Proyección!H27) -> 788 | G6: =SUM(Proyección!I5,Proyección!I6,Proyección!I7,Proyección!I8,Proyección!I9,Proyección!I10,Proyección!I11,Proyección!I12,Proyección!I13,Proyección!I14,Proyección!I15,Proyección!I16,Proyección!I17,Proyección!I18,Proyección!I19,Proyección!I20,Proyección!I21,Proyección!I22,Proyección!I23,Proyección!I24,Proyección!I25,Proyección!I26,Proyección!I27) -> 774
A7: Cobertura | B7: =B6/B5 -> 0.98564593 | C7: =C6/C5 -> 0.93588301 | D7: =D6/D5 -> 0.960047 | E7: =E6/E5 -> 1.0229592 | F7: =F6/F5 -> 1.0354796 | G7: =G6/G5 -> 1.057377
A9: CHATS
A10: Capacity | B10: 171 | C10: 227 | D10: 245 | E10: 242 | F10: 255 | G10: 240
A11: Forecast | B11: 159 | C11: 183 | D11: =SUM(Proyección!F28,Proyección!F29) -> 180 | E11: =SUM(Proyección!G28,Proyección!G29) -> 177 | F11: =SUM(Proyección!H28,Proyección!H29) -> 174 | G11: =SUM(Proyección!I28,Proyección!I29) -> 171
A12: Cobertura | B12: =B11/B10 -> 0.92982456 | C12: =C11/C10 -> 0.8061674 | D12: =D11/D10 -> 0.73469388 | E12: =E11/E10 -> 0.73140496 | F12: =F11/F10 -> 0.68235294 | G12: =G11/G10 -> 0.7125
A14: INBOUND
A15: Capacity | B15: =B5+B10 -> 1007 | C15: =C5+C10 -> 1116 | D15: =D5+D10 -> 1096 | E15: =E5+E10 -> 1026 | F15: =F5+F10 -> 1016 | G15: =G5+G10 -> 972
A16: Forecast | B16: =B6+B11 -> 983 | C16: =C6+C11 -> 1015 | D16: =D6+D11 -> 997 | E16: =E6+E11 -> 979 | F16: =F6+F11 -> 962 | G16: =G6+G11 -> 945
A17: Cobertura | B17: =B16/B15 -> 0.97616683 | C17: =C16/C15 -> 0.90949821 | D17: =D16/D15 -> 0.90967153 | E17: =E16/E15 -> 0.95419103 | F17: =F16/F15 -> 0.94685039 | G17: =G16/G15 -> 0.97222222
A20: NOTAS METODOLÓGICAS
A21: • La tasa de rotación es el promedio de los últimos 3 meses (Abr, May, Jun) por línea.
A22: • Cada mes proyectado: cierre = INI × (1 - tasa). El INI del mes siguiente = cierre del anterior.
A23: • Esta proyección NO incluye ingresos de trainees graduando ni transferencias internas.
A24: • Para incluir esos efectos, ajustar manualmente el INI de la línea afectada.
A25: • Ejemplo: si en agosto entran 18 trainees a TRAINEE LLAMADAS, sumar 18 al INI agosto de esa línea.
