Workbook

Sheet Resumen
A1: RESUMEN MENSUAL - CAPACITY VS REAL
A3: Capacity | B3: Ene'26 | C3: Feb'26 | D3: Mar'26 | E3: Abr'26 | F3: May'26 | G3: Jun'26 | H3: Jul'26 | I3: Ago'26 | J3: Set'26 | K3: Oct'26
A4: Llamadas | B4: 856 | C4: 901 | D4: 893 | E4: 858 | F4: 836 | G4: 889 | H4: 851 | I4: 784 | J4: 761 | K4: 732
A5: Chats | B5: 170 | C5: 160 | D5: 159 | E5: 152 | F5: 171 | G5: 227 | H5: 245 | I5: 242 | J5: 255 | K5: 240
A6: Inbound | B6: =B4+B5 -> 1026 | C6: =C4+C5 -> 1061 | D6: =D4+D5 -> 1052 | E6: =E4+E5 -> 1010 | F6: =F4+F5 -> 1007 | G6: =G4+G5 -> 1116 | H6: =H4+H5 -> 1096 | I6: =I4+I5 -> 1026 | ... K6: =K4+K5 -> 972
A8: INI | B8: Ene'26 | C8: Feb'26 | D8: Mar'26 | E8: Abr'26 | F8: May'26 | G8: Jun'26 | H8: Jul'26 | I8: Ago'26 | J8: Set'26 | K8: Oct'26
A9: Llamadas | B9: 858 | C9: 878 | D9: 875 | E9: 879 | F9: 847 | G9: 837 | H9: =G14+H29 -> 855 | I9: =H14+I29 -> 862 | J9: =I14+J29 -> 863 | K9: =J14+K29 -> 865
A10: Chats | B10: 170 | C10: 160 | D10: 159 | E10: 152 | F10: 159 | G10: 184 | H10: =G15+H30 -> 195 | I10: =H15+I30 -> 212 | J10: =I15+J30 -> 240 | K10: =J15+K30 -> 268
A11: Inbound | B11: =B9+B10 -> 1028 | C11: =C9+C10 -> 1038 | D11: =D9+D10 -> 1034 | E11: =E9+E10 -> 1031 | F11: =F9+F10 -> 1006 | G11: =G9+G10 -> 1021 | H11: =H9+H10 -> 1050 | I11: =I9+I10 -> 1074 | ... K11: =K9+K10 -> 1133
A13: Real (cierre) | B13: Ene'26 | C13: Feb'26 | D13: Mar'26 | E13: Abr'26 | F13: May'26 | G13: Jun'26 | H13: Jul'26 | I13: Ago'26 | J13: Set'26 | K13: Oct'26
A14: Llamadas | B14: 846 | C14: 854 | D14: 865 | E14: 858 | F14: 824 | G14: 832 | H14: =SUMIF(Proyección!B5:B29,"Llamadas",Proyección!AE5:AE29) -> 835 | I14: =SUMIF(Proyección!B5:B29,"Llamadas",Proyección!AI5:AI29) -> 845 | J14: =SUMIF(Proyección!B5:B29,"Llamadas",Proyección!AM5:AM29) -> 847 | K14: =SUMIF(Proyección!B5:B29,"Llamadas",Proyección!AQ5:AQ29) -> 848
A15: Chats | B15: 162 | C15: 154 | D15: 157 | E15: 145 | F15: 159 | G15: 183 | H15: =SUMIF(Proyección!B5:B29,"Chats",Proyección!AE5:AE29) -> 192 | I15: =SUMIF(Proyección!B5:B29,"Chats",Proyección!AI5:AI29) -> 208 | J15: =SUMIF(Proyección!B5:B29,"Chats",Proyección!AM5:AM29) -> 236 | K15: =SUMIF(Proyección!B5:B29,"Chats",Proyección!AQ5:AQ29) -> 263
A16: Inbound | B16: =B14+B15 -> 1008 | C16: =C14+C15 -> 1008 | D16: =D14+D15 -> 1022 | E16: =E14+E15 -> 1003 | F16: =F14+F15 -> 983 | G16: =G14+G15 -> 1015 | H16: =H14+H15 -> 1027 | I16: =I14+I15 -> 1053 | ... K16: =K14+K15 -> 1111
A18: Salidas | B18: Ene'26 | C18: Feb'26 | D18: Mar'26 | E18: Abr'26 | F18: May'26 | G18: Jun'26 | H18: Jul'26 | I18: Ago'26 | J18: Set'26 | K18: Oct'26
A19: Llamadas | B19: =SUMIF(Proyección!B5:B29,"Llamadas",Proyección!F5:F29) -> -12 | C19: =SUMIF(Proyección!B5:B29,"Llamadas",Proyección!J5:J29) -> -24 | D19: =SUMIF(Proyección!B5:B29,"Llamadas",Proyección!N5:N29) -> -10 | E19: =SUMIF(Proyección!B5:B29,"Llamadas",Proyección!R5:R29) -> -21 | F19: =SUMIF(Proyección!B5:B29,"Llamadas",Proyección!V5:V29) -> -23 | G19: =SUMIF(Proyección!B5:B29,"Llamadas",Proyección!Z5:Z29) -> -5 | H19: =SUMIF(Proyección!B5:B29,"Llamadas",Proyección!AD5:AD29) -> -16 | I19: =SUMIF(Proyección!B5:B29,"Llamadas",Proyección!AH5:AH29) -> -17 | J19: =SUMIF(Proyección!B5:B29,"Llamadas",Proyección!AL5:AL29) -> -16 | K19: =SUMIF(Proyección!B5:B29,"Llamadas",Proyección!AP5:AP29) -> -17
A20: Chats | B20: =SUMIF(Proyección!B5:B29,"Chats",Proyección!F5:F29) -> -8 | C20: =SUMIF(Proyección!B5:B29,"Chats",Proyección!J5:J29) -> -6 | D20: =SUMIF(Proyección!B5:B29,"Chats",Proyección!N5:N29) -> -2 | E20: =SUMIF(Proyección!B5:B29,"Chats",Proyección!R5:R29) -> -7 | F20: =SUMIF(Proyección!B5:B29,"Chats",Proyección!V5:V29) -> 0 | G20: =SUMIF(Proyección!B5:B29,"Chats",Proyección!Z5:Z29) -> -1 | H20: =SUMIF(Proyección!B5:B29,"Chats",Proyección!AD5:AD29) -> -3 | I20: =SUMIF(Proyección!B5:B29,"Chats",Proyección!AH5:AH29) -> -4 | J20: =SUMIF(Proyección!B5:B29,"Chats",Proyección!AL5:AL29) -> -4 | K20: =SUMIF(Proyección!B5:B29,"Chats",Proyección!AP5:AP29) -> -5
A21: Inbound | B21: =B19+B20 -> -20 | C21: =C19+C20 -> -30 | D21: =D19+D20 -> -12 | E21: =E19+E20 -> -28 | F21: =F19+F20 -> -23 | G21: =G19+G20 -> -6 | H21: =H19+H20 -> -19 | I21: =I19+I20 -> -21 | ... K21: =K19+K20 -> -22
A23: R&S | B23: Ene'26 | C23: Feb'26 | D23: Mar'26 | E23: Abr'26 | F23: May'26 | G23: Jun'26 | H23: Jul'26 | I23: Ago'26 | J23: Set'26 | K23: Oct'26
A24: Llamadas | B24: 44 | C24: 48 | D24: 33 | E24: 23 | F24: 25 | G24: 30 | H24: 20 | I24: 20 | J24: 20 | K24: 20
A25: Chats | B25: 11 | C25: 0 | D25: 16 | E25: 30 | F25: 13 | G25: 22 | H25: 35 | I25: 35 | J25: 35 | K25: 35
A26: Inbound | B26: =B24+B25 -> 55 | C26: =C24+C25 -> 48 | D26: =D24+D25 -> 49 | E26: =E24+E25 -> 53 | F26: =F24+F25 -> 38 | G26: =G24+G25 -> 52 | H26: =H24+H25 -> 55 | I26: =I24+I25 -> 55 | ... K26: =K24+K25 -> 55
A28: Ingresos | B28: Ene'26 | C28: Feb'26 | D28: Mar'26 | E28: Abr'26 | F28: May'26 | G28: Jun'26 | H28: Jul'26 | I28: Ago'26 | J28: Set'26 | K28: Oct'26
A29: Llamadas | B29: 36 | C29: 32 | D29: 40 | E29: 43 | F29: 30 | G29: 19 | H29: =ROUND(F24*0.9,0) -> 23 | I29: =ROUND(G24*0.9,0) -> 27 | J29: =ROUND(H24*0.9,0) -> 18 | K29: =ROUND(I24*0.9,0) -> 18
A30: Chats | B30: 0 | C30: 0 | D30: 10 | E30: 0 | F30: 14 | G30: 30 | H30: =ROUND(F25*0.9,0) -> 12 | I30: =ROUND(G25*0.9,0) -> 20 | J30: =ROUND(H25*0.9,0) -> 32 | K30: =ROUND(I25*0.9,0) -> 32
A31: Inbound | B31: =B29+B30 -> 36 | C31: =C29+C30 -> 32 | D31: =D29+D30 -> 50 | E31: =E29+E30 -> 43 | F31: =F29+F30 -> 44 | G31: =G29+G30 -> 49 | H31: =H29+H30 -> 35 | I31: =I29+I30 -> 47 | ... K31: =K29+K30 -> 50
A33: Cobertura | B33: Ene'26 | C33: Feb'26 | D33: Mar'26 | E33: Abr'26 | F33: May'26 | G33: Jun'26 | H33: Jul'26 | I33: Ago'26 | J33: Set'26 | K33: Oct'26
A34: Llamadas | B34: =B14/B4 -> 0.98831776 | C34: =C14/C4 -> 0.94783574 | D34: =D14/D4 -> 0.96864502 | E34: =E14/E4 -> 1 | F34: =F14/F4 -> 0.98564593 | G34: =G14/G4 -> 0.93588301 | H34: =H14/H4 -> 0.98119859 | I34: =I14/I4 -> 1.0778061 | ... K34: =K14/K4 -> 1.1584699
A35: Chats | B35: =B15/B5 -> 0.95294118 | C35: =C15/C5 -> 0.9625 | D35: =D15/D5 -> 0.98742138 | E35: =E15/E5 -> 0.95394737 | F35: =F15/F5 -> 0.92982456 | G35: =G15/G5 -> 0.8061674 | H35: =H15/H5 -> 0.78367347 | I35: =I15/I5 -> 0.85950413 | ... K35: =K15/K5 -> 1.0958333
A36: Inbound | B36: =B16/B6 -> 0.98245614 | C36: =C16/C6 -> 0.95004713 | D36: =D16/D6 -> 0.97148289 | E36: =E16/E6 -> 0.99306931 | F36: =F16/F6 -> 0.97616683 | G36: =G16/G6 -> 0.90949821 | H36: =H16/H6 -> 0.9370438 | I36: =I16/I6 -> 1.0263158 | ... K36: =K16/K6 -> 1.1430041

Sheet Tasa Rotación
A1: TASA DE ROTACIÓN POR LÍNEA
A2: Tasa Proyectada = promedio últimos 3 meses (Abr, May, Jun)
A3: Línea | B3: Mundo | C3: Ene | D3: Feb | E3: Mar | F3: Abr | G3: May | H3: Jun | I3: Tasa Proy
A4: CONSULTAS GENERALES | B4: Llamadas | C4: 0.01369863 | D4: 0.036912752 | E4: 0.0073529412 | F4: 0.046428571 | G4: 0.038327526 | H4: 0.0033333333 | I4: =AVERAGE(F4:H4) -> 0.029363144
A5: SWAT | B5: Llamadas | C5: 0 | D5: 0 | E5: 0 | F5: 0.045454545 | G5: 0.047619048 | H5: 0 | I5: =AVERAGE(F5:H5) -> 0.031024531
A6: TRAINEE LLAMADAS | B6: Llamadas | C6: 0 | D6: 0.075757576 | E6: 0.0125 | F6: 0.014705882 | G6: 0.080645161 | H6: 0 | I6: =AVERAGE(F6:H6) -> 0.031783681
A7: TRAINEE-CCGG | B7: Llamadas | C7: 0.088235294 | D7: 0.081081081 | E7: 0.13333333 | F7: 0.071428571 | G7: 0.10344828 | H7: 0.0625 | I7: =AVERAGE(F7:H7) -> 0.079125616
A8: CANALES DIGITALES | B8: Llamadas | C8: 0 | D8: 0 | E8: 0 | F8: 0 | G8: 0.25 | H8: 0 | I8: =AVERAGE(F8:H8) -> 0.083333333
A9: UDAC BANCA MAYORISTA | B9: Llamadas | C9: 0 | D9: 0 | E9: 0 | F9: 0 | G9: 0 | H9: 0 | I9: =AVERAGE(F9:H9) -> 0
A10: UDAC BANCA NEGOCIOS | B10: Llamadas | C10: 0 | D10: 0 | E10: 0 | F10: 0 | G10: 0 | H10: 0 | I10: =AVERAGE(F10:H10) -> 0
A11: UDAC PYME | B11: Llamadas | C11: 0 | D11: 0.04 | E11: 0.075 | F11: 0 | G11: 0 | H11: 0.05 | I11: =AVERAGE(F11:H11) -> 0.016666667
A12: UDAC PYME BUZON | B12: Llamadas | C12: 0 | D12: 0 | E12: 0 | F12: 0 | G12: 0 | H12: 0 | I12: =AVERAGE(F12:H12) -> 0
A13: OPERACIONES NO RECONOCIDAS | B13: Llamadas | C13: 0.011494253 | D13: 0 | E13: 0 | F13: 0.018867925 | G13: 0 | H13: 0 | I13: =AVERAGE(F13:H13) -> 0.0062893082
A14: FUERA DE TURNO | B14: Llamadas | C14: 0 | D14: 0 | E14: 0 | F14: 0 | G14: 0 | H14: 0 | I14: =AVERAGE(F14:H14) -> 0
A15: OPERACIONES TRUNCAS | B15: Llamadas | C15: 0 | D15: 0 | E15: 0 | F15: 0 | G15: 0 | H15: 0 | I15: =AVERAGE(F15:H15) -> 0
... A28: REDES SOCIALES | B28: Chats | C28: 0.066666667 | D28: 0 | E28: 0 | F28: 0 | G28: 0 | H28: 0 | I28: =AVERAGE(F28:H28) -> 0

Sheet Proyección
A1: PROYECCIÓN POR LÍNEA - DETALLE (Ene a Oct)
A2: Lógica: INI = Cierre mes anterior + Ingresos del mes. Cierre = INI - Salidas. Ingresos editables para reflejar transferencias o entradas.
D3: Ene'26 | H3: Feb'26 | L3: Mar'26 | P3: Abr'26 | T3: May'26 | X3: Jun'26 | AB3: Jul'26 | AF3: Ago'26 | AJ3: Set'26 | AN3: Oct'26
A4: Línea | B4: Mundo | C4: Tasa | D4: INI | E4: Ing | F4: Sal | G4: Cie | H4: INI | I4: Ing | J4: Sal | K4: Cie | L4: INI | M4: Ing | N4: Sal | O4: Cie | P4: INI | Q4: Ing | R4: Sal | S4: Cie | T4: INI | U4: Ing | V4: Sal | W4: Cie | X4: INI | Y4: Ing | Z4: Sal | AA4: Cie | AB4: INI | AC4: Ing | AD4: Sal | AE4: Cie | AF4: INI | AG4: Ing | AH4: Sal | AI4: Cie | AJ4: INI | AK4: Ing | AL4: Sal | AM4: Cie | AN4: INI | AO4: Ing | AP4: Sal | AQ4: Cie
A5: CONSULTAS GENERALES | B5: Llamadas | C5: ='Tasa Rotación'!I4 -> 0.029363144 | D5: 292 | E5: 0 | F5: -4 | G5: 288 | H5: 298 | I5: 0 | J5: -11 | K5: 287 | L5: 272 | M5: 0 | N5: -2 | O5: 270 | P5: 280 | Q5: 0 | R5: -13 | S5: 267 | T5: 287 | U5: 0 | V5: -11 | W5: 276 | X5: 300 | Y5: 0 | Z5: -1 | AA5: 299 | AB5: =AA5+AC5 -> 299 | AC5: 0 | AD5: =-ROUND(AB5*C5,0) -> -9 | AE5: =AB5+AD5 -> 290 | AF5: =AE5+AG5 -> 290 | AG5: 0 | AH5: =-ROUND(AF5*C5,0) -> -9 | AI5: =AF5+AH5 -> 281 | AJ5: =AI5+AK5 -> 281 | AK5: 0 | AL5: =-ROUND(AJ5*C5,0) -> -8 | AM5: =AJ5+AL5 -> 273 | AN5: =AM5+AO5 -> 273 | AO5: 0 | AP5: =-ROUND(AN5*C5,0) -> -8 | AQ5: =AN5+AP5 -> 265
A6: SWAT | B6: Llamadas | C6: ='Tasa Rotación'!I5 -> 0.031024531 | D6: 21 | E6: 0 | F6: 0 | G6: 21 | H6: 21 | I6: 0 | J6: 0 | K6: 21 | L6: 22 | M6: 0 | N6: 0 | O6: 22 | P6: 22 | Q6: 0 | R6: -1 | S6: 21 | T6: 21 | U6: 0 | V6: -1 | W6: 20 | X6: 21 | Y6: 0 | Z6: 0 | AA6: 21 | AB6: =AA6+AC6 -> 21 | AC6: 0 | AD6: =-ROUND(AB6*C6,0) -> -1 | AE6: =AB6+AD6 -> 20 | AF6: =AE6+AG6 -> 20 | AG6: 0 | AH6: =-ROUND(AF6*C6,0) -> -1 | AI6: =AF6+AH6 -> 19 | AJ6: =AI6+AK6 -> 19 | AK6: 0 | AL6: =-ROUND(AJ6*C6,0) -> -1 | AM6: =AJ6+AL6 -> 18 | AN6: =AM6+AO6 -> 18 | AO6: 0 | AP6: =-ROUND(AN6*C6,0) -> -1 | AQ6: =AN6+AP6 -> 17
A7: TRAINEE LLAMADAS | B7: Llamadas | C7: ='Tasa Rotación'!I6 -> 0.031783681 | D7: 50 | E7: 0 | F7: 0 | G7: 50 | H7: 66 | I7: 0 | J7: -5 | K7: 61 | L7: 80 | M7: 0 | N7: -1 | O7: 79 | P7: 68 | Q7: 0 | R7: -1 | S7: 67 | T7: 62 | U7: 0 | V7: -5 | W7: 57 | X7: 43 | Y7: 0 | Z7: 0 | AA7: 43 | AB7: =AA7+AC7 -> 66 | AC7: =Resumen!H29 -> 23 | AD7: =-ROUND(AB7*C7,0) -> -2 | AE7: =AB7+AD7 -> 64 | AF7: =AE7+AG7 -> 91 | AG7: =Resumen!I29 -> 27 | AH7: =-ROUND(AF7*C7,0) -> -3 | AI7: =AF7+AH7 -> 88 | AJ7: =AI7+AK7 -> 106 | AK7: =Resumen!J29 -> 18 | AL7: =-ROUND(AJ7*C7,0) -> -3 | AM7: =AJ7+AL7 -> 103 | AN7: =AM7+AO7 -> 121 | AO7: =Resumen!K29 -> 18 | AP7: =-ROUND(AN7*C7,0) -> -4 | AQ7: =AN7+AP7 -> 117
A8: TRAINEE-CCGG | B8: Llamadas | C8: ='Tasa Rotación'!I7 -> 0.079125616 | D8: 68 | E8: 0 | F8: -6 | G8: 62 | H8: 37 | I8: 0 | J8: -3 | K8: 34 | L8: 30 | M8: 0 | N8: -4 | O8: 26 | P8: 42 | Q8: 0 | R8: -3 | S8: 39 | T8: 29 | U8: 0 | V8: -3 | W8: 26 | X8: 32 | Y8: 0 | Z8: -2 | AA8: 30 | AB8: =AA8+AC8 -> 30 | AC8: 0 | AD8: =-ROUND(AB8*C8,0) -> -2 | AE8: =AB8+AD8 -> 28 | AF8: =AE8+AG8 -> 28 | AG8: 0 | AH8: =-ROUND(AF8*C8,0) -> -2 | AI8: =AF8+AH8 -> 26 | AJ8: =AI8+AK8 -> 26 | AK8: 0 | AL8: =-ROUND(AJ8*C8,0) -> -2 | AM8: =AJ8+AL8 -> 24 | AN8: =AM8+AO8 -> 24 | AO8: 0 | AP8: =-ROUND(AN8*C8,0) -> -2 | AQ8: =AN8+AP8 -> 22
A9: CANALES DIGITALES | B9: Llamadas | C9: ='Tasa Rotación'!I8 -> 0.083333333 | D9: 2 | E9: 0 | F9: 0 | G9: 2 | H9: 2 | I9: 0 | J9: 0 | K9: 2 | L9: 12 | M9: 0 | N9: 0 | O9: 12 | P9: 12 | Q9: 0 | R9: 0 | S9: 12 | T9: 12 | U9: 0 | V9: -3 | W9: 9 | X9: 0 | Y9: 0 | Z9: 0 | AA9: 0 | AB9: =AA9+AC9 -> 0 | AC9: 0 | AD9: =-ROUND(AB9*C9,0) -> 0 | AE9: =AB9+AD9 -> 0 | AF9: =AE9+AG9 -> 0 | AG9: 0 | AH9: =-ROUND(AF9*C9,0) -> 0 | AI9: =AF9+AH9 -> 0 | AJ9: =AI9+AK9 -> 0 | AK9: 0 | AL9: =-ROUND(AJ9*C9,0) -> 0 | AM9: =AJ9+AL9 -> 0 | AN9: =AM9+AO9 -> 0 | AO9: 0 | AP9: =-ROUND(AN9*C9,0) -> 0 | AQ9: =AN9+AP9 -> 0
A10: UDAC BANCA MAYORISTA | B10: Llamadas | C10: ='Tasa Rotación'!I9 -> 0 | D10: 35 | E10: 0 | F10: 0 | G10: 35 | H10: 38 | I10: 0 | J10: 0 | K10: 38 | L10: 38 | M10: 0 | N10: 0 | O10: 38 | P10: 38 | Q10: 0 | R10: 0 | S10: 38 | T10: 38 | U10: 0 | V10: 0 | W10: 38 | X10: 38 | Y10: 0 | Z10: 0 | AA10: 38 | AB10: =AA10+AC10 -> 38 | AC10: 0 | AD10: =-ROUND(AB10*C10,0) -> 0 | AE10: =AB10+AD10 -> 38 | AF10: =AE10+AG10 -> 38 | AG10: 0 | AH10: =-ROUND(AF10*C10,0) -> 0 | AI10: =AF10+AH10 -> 38 | AJ10: =AI10+AK10 -> 38 | AK10: 0 | AL10: =-ROUND(AJ10*C10,0) -> 0 | AM10: =AJ10+AL10 -> 38 | AN10: =AM10+AO10 -> 38 | AO10: 0 | AP10: =-ROUND(AN10*C10,0) -> 0 | AQ10: =AN10+AP10 -> 38
A11: UDAC BANCA NEGOCIOS | B11: Llamadas | C11: ='Tasa Rotación'!I10 -> 0 | D11: 22 | E11: 0 | F11: 0 | G11: 22 | H11: 20 | I11: 0 | J11: 0 | K11: 20 | L11: 20 | M11: 0 | N11: 0 | O11: 20 | P11: 19 | Q11: 0 | R11: 0 | S11: 19 | T11: 20 | U11: 0 | V11: 0 | W11: 20 | X11: 20 | Y11: 0 | Z11: 0 | AA11: 20 | AB11: =AA11+AC11 -> 20 | AC11: 0 | AD11: =-ROUND(AB11*C11,0) -> 0 | AE11: =AB11+AD11 -> 20 | AF11: =AE11+AG11 -> 20 | AG11: 0 | AH11: =-ROUND(AF11*C11,0) -> 0 | AI11: =AF11+AH11 -> 20 | AJ11: =AI11+AK11 -> 20 | AK11: 0 | AL11: =-ROUND(AJ11*C11,0) -> 0 | AM11: =AJ11+AL11 -> 20 | AN11: =AM11+AO11 -> 20 | AO11: 0 | AP11: =-ROUND(AN11*C11,0) -> 0 | AQ11: =AN11+AP11 -> 20
A12: UDAC PYME | B12: Llamadas | C12: ='Tasa Rotación'!I11 -> 0.016666667 | D12: 35 | E12: 0 | F12: 0 | G12: 35 | H12: 50 | I12: 0 | J12: -2 | K12: 48 | L12: 40 | M12: 0 | N12: -3 | O12: 37 | P12: 39 | Q12: 0 | R12: 0 | S12: 39 | T12: 37 | U12: 0 | V12: 0 | W12: 37 | X12: 40 | Y12: 0 | Z12: -2 | AA12: 38 | AB12: =AA12+AC12 -> 40 | AC12: 2 | AD12: =-ROUND(AB12*C12,0) -> -1 | AE12: =AB12+AD12 -> 39 | AF12: =AE12+AG12 -> 39 | AG12: 0 | AH12: =-ROUND(AF12*C12,0) -> -1 | AI12: =AF12+AH12 -> 38 | AJ12: =AI12+AK12 -> 38 | AK12: 0 | AL12: =-ROUND(AJ12*C12,0) -> -1 | AM12: =AJ12+AL12 -> 37 | AN12: =AM12+AO12 -> 37 | AO12: 0 | AP12: =-ROUND(AN12*C12,0) -> -1 | AQ12: =AN12+AP12 -> 36
A13: UDAC PYME BUZON | B13: Llamadas | C13: ='Tasa Rotación'!I12 -> 0 | D13: 17 | E13: 0 | F13: 0 | G13: 17 | H13: 17 | I13: 0 | J13: 0 | K13: 17 | L13: 18 | M13: 0 | N13: 0 | O13: 18 | P13: 17 | Q13: 0 | R13: 0 | S13: 17 | T13: 16 | U13: 0 | V13: 0 | W13: 16 | X13: 16 | Y13: 0 | Z13: 0 | AA13: 16 | AB13: =AA13+AC13 -> 16 | AC13: 0 | AD13: =-ROUND(AB13*C13,0) -> 0 | AE13: =AB13+AD13 -> 16 | AF13: =AE13+AG13 -> 16 | AG13: 0 | AH13: =-ROUND(AF13*C13,0) -> 0 | AI13: =AF13+AH13 -> 16 | AJ13: =AI13+AK13 -> 16 | AK13: 0 | AL13: =-ROUND(AJ13*C13,0) -> 0 | AM13: =AJ13+AL13 -> 16 | AN13: =AM13+AO13 -> 16 | AO13: 0 | AP13: =-ROUND(AN13*C13,0) -> 0 | AQ13: =AN13+AP13 -> 16
A14: OPERACIONES NO RECONOCIDAS | B14: Llamadas | C14: ='Tasa Rotación'!I13 -> 0.0062893082 | D14: 87 | E14: 0 | F14: -1 | G14: 86 | H14: 94 | I14: 0 | J14: 0 | K14: 94 | L14: 109 | M14: 0 | N14: 0 | O14: 109 | P14: 106 | Q14: 0 | R14: -2 | S14: 104 | T14: 106 | U14: 0 | V14: 0 | W14: 106 | X14: 117 | Y14: 0 | Z14: 1 | AA14: 118 | AB14: =AA14+AC14 -> 112 | AC14: -6 | AD14: =-ROUND(AB14*C14,0) -> -1 | AE14: =AB14+AD14 -> 111 | AF14: =AE14+AG14 -> 111 | AG14: 0 | AH14: =-ROUND(AF14*C14,0) -> -1 | AI14: =AF14+AH14 -> 110 | AJ14: =AI14+AK14 -> 110 | AK14: 0 | AL14: =-ROUND(AJ14*C14,0) -> -1 | AM14: =AJ14+AL14 -> 109 | AN14: =AM14+AO14 -> 109 | AO14: 0 | AP14: =-ROUND(AN14*C14,0) -> -1 | AQ14: =AN14+AP14 -> 108
A15: FUERA DE TURNO | B15: Llamadas | C15: ='Tasa Rotación'!I14 -> 0 | D15: 34 | E15: 0 | F15: 0 | G15: 34 | H15: 34 | I15: 0 | J15: 0 | K15: 34 | L15: 34 | M15: 0 | N15: 0 | O15: 34 | P15: 34 | Q15: 0 | R15: 0 | S15: 34 | T15: 34 | U15: 0 | V15: 0 | W15: 34 | X15: 36 | Y15: 0 | Z15: 0 | AA15: 36 | AB15: =AA15+AC15 -> 36 | AC15: 0 | AD15: =-ROUND(AB15*C15,0) -> 0 | AE15: =AB15+AD15 -> 36 | AF15: =AE15+AG15 -> 36 | AG15: 0 | AH15: =-ROUND(AF15*C15,0) -> 0 | AI15: =AF15+AH15 -> 36 | AJ15: =AI15+AK15 -> 36 | AK15: 0 | AL15: =-ROUND(AJ15*C15,0) -> 0 | AM15: =AJ15+AL15 -> 36 | AN15: =AM15+AO15 -> 36 | AO15: 0 | AP15: =-ROUND(AN15*C15,0) -> 0 | AQ15: =AN15+AP15 -> 36
A16: OPERACIONES TRUNCAS | B16: Llamadas | C16: ='Tasa Rotación'!I15 -> 0 | D16: 12 | E16: 0 | F16: 0 | G16: 12 | H16: 13 | I16: 0 | J16: 0 | K16: 13 | L16: 13 | M16: 0 | N16: 0 | O16: 13 | P16: 13 | Q16: 0 | R16: 0 | S16: 13 | T16: 13 | U16: 0 | V16: 0 | W16: 13 | X16: 13 | Y16: 0 | Z16: 0 | AA16: 13 | AB16: =AA16+AC16 -> 13 | AC16: 0 | AD16: =-ROUND(AB16*C16,0) -> 0 | AE16: =AB16+AD16 -> 13 | AF16: =AE16+AG16 -> 13 | AG16: 0 | AH16: =-ROUND(AF16*C16,0) -> 0 | AI16: =AF16+AH16 -> 13 | AJ16: =AI16+AK16 -> 13 | AK16: 0 | AL16: =-ROUND(AJ16*C16,0) -> 0 | AM16: =AJ16+AL16 -> 13 | AN16: =AM16+AO16 -> 13 | AO16: 0 | AP16: =-ROUND(AN16*C16,0) -> 0 | AQ16: =AN16+AP16 -> 13
A17: BANCA SEGURO | B17: Llamadas | C17: ='Tasa Rotación'!I16 -> 0 | D17: 43 | E17: 0 | F17: 0 | G17: 43 | H17: 41 | I17: 0 | J17: -2 | K17: 39 | L17: 40 | M17: 0 | N17: 0 | O17: 40 | P17: 39 | Q17: 0 | R17: 0 | S17: 39 | T17: 23 | U17: 0 | V17: 0 | W17: 23 | X17: 23 | Y17: 0 | Z17: 0 | AA17: 23 | AB17: =AA17+AC17 -> 23 | AC17: 0 | AD17: =-ROUND(AB17*C17,0) -> 0 | AE17: =AB17+AD17 -> 23 | AF17: =AE17+AG17 -> 23 | AG17: 0 | AH17: =-ROUND(AF17*C17,0) -> 0 | AI17: =AF17+AH17 -> 23 | AJ17: =AI17+AK17 -> 23 | AK17: 0 | AL17: =-ROUND(AJ17*C17,0) -> 0 | AM17: =AJ17+AL17 -> 23 | AN17: =AM17+AO17 -> 23 | AO17: 0 | AP17: =-ROUND(AN17*C17,0) -> 0 | AQ17: =AN17+AP17 -> 23
A18: BANCA SEGURO RETENCIONES | B18: Llamadas | C18: ='Tasa Rotación'!I17 -> 0 | D18: 23 | E18: 0 | F18: 0 | G18: 23 | H18: 25 | I18: 0 | J18: 0 | K18: 25 | L18: 26 | M18: 0 | N18: 0 | O18: 26 | P18: 28 | Q18: 0 | R18: 0 | S18: 28 | T18: 26 | U18: 0 | V18: 0 | W18: 26 | X18: 29 | Y18: 0 | Z18: 0 | AA18: 29 | AB18: =AA18+AC18 -> 29 | AC18: 0 | AD18: =-ROUND(AB18*C18,0) -> 0 | AE18: =AB18+AD18 -> 29 | AF18: =AE18+AG18 -> 29 | AG18: 0 | AH18: =-ROUND(AF18*C18,0) -> 0 | AI18: =AF18+AH18 -> 29 | AJ18: =AI18+AK18 -> 29 | AK18: 0 | AL18: =-ROUND(AJ18*C18,0) -> 0 | AM18: =AJ18+AL18 -> 29 | AN18: =AM18+AO18 -> 29 | AO18: 0 | AP18: =-ROUND(AN18*C18,0) -> 0 | AQ18: =AN18+AP18 -> 29
A19: RETENCIONES | B19: Llamadas | C19: ='Tasa Rotación'!I18 -> 0 | D19: 14 | E19: 0 | F19: 0 | G19: 14 | H19: 15 | I19: 0 | J19: 0 | K19: 15 | L19: 15 | M19: 0 | N19: 0 | O19: 15 | P19: 15 | Q19: 0 | R19: 0 | S19: 15 | T19: 15 | U19: 0 | V19: 0 | W19: 15 | X19: 15 | Y19: 0 | Z19: 0 | AA19: 15 | AB19: =AA19+AC19 -> 15 | AC19: 0 | AD19: =-ROUND(AB19*C19,0) -> 0 | AE19: =AB19+AD19 -> 15 | AF19: =AE19+AG19 -> 15 | AG19: 0 | AH19: =-ROUND(AF19*C19,0) -> 0 | AI19: =AF19+AH19 -> 15 | AJ19: =AI19+AK19 -> 15 | AK19: 0 | AL19: =-ROUND(AJ19*C19,0) -> 0 | AM19: =AJ19+AL19 -> 15 | AN19: =AM19+AO19 -> 15 | AO19: 0 | AP19: =-ROUND(AN19*C19,0) -> 0 | AQ19: =AN19+AP19 -> 15
... A27: BLOQUEOS | B27: Llamadas | C27: ='Tasa Rotación'!I26 -> 0 | D27: 15 | E27: 0 | F27: 0 | G27: 15 | H27: 15 | I27: 0 | J27: 0 | K27: 15 | L27: 14 | M27: 0 | N27: 0 | O27: 14 | P27: 14 | Q27: 0 | R27: 0 | S27: 14 | T27: 14 | U27: 0 | V27: 0 | W27: 14 | X27: 0 | Y27: 0 | Z27: 0 | AA27: 0 | AB27: =AA27+AC27 -> 0 | AC27: 0 | AD27: =-ROUND(AB27*C27,0) -> 0 | AE27: =AB27+AD27 -> 0 | AF27: =AE27+AG27 -> 0 | AG27: 0 | AH27: =-ROUND(AF27*C27,0) -> 0 | AI27: =AF27+AH27 -> 0 | AJ27: =AI27+AK27 -> 0 | AK27: 0 | AL27: =-ROUND(AJ27*C27,0) -> 0 | AM27: =AJ27+AL27 -> 0 | AN27: =AM27+AO27 -> 0 | AO27: 0 | AP27: =-ROUND(AN27*C27,0) -> 0 | AQ27: =AN27+AP27 -> 0
A28: CONTACTOS WEB | B28: Chats | C28: ='Tasa Rotación'!I27 -> 0.018497781 | D28: 155 | E28: 0 | F28: -7 | G28: 148 | H28: 147 | I28: 0 | J28: -6 | K28: 141 | L28: 147 | M28: 0 | N28: -2 | O28: 145 | P28: 141 | Q28: 0 | R28: -7 | S28: 134 | T28: 146 | U28: 0 | V28: 0 | W28: 146 | X28: 171 | Y28: 0 | Z28: -1 | AA28: 170 | AB28: =AA28+AC28 -> 182 | AC28: =Resumen!H30 -> 12 | AD28: =-ROUND(AB28*C28,0) -> -3 | AE28: =AB28+AD28 -> 179 | AF28: =AE28+AG28 -> 199 | AG28: =Resumen!I30 -> 20 | AH28: =-ROUND(AF28*C28,0) -> -4 | AI28: =AF28+AH28 -> 195 | AJ28: =AI28+AK28 -> 227 | AK28: =Resumen!J30 -> 32 | AL28: =-ROUND(AJ28*C28,0) -> -4 | AM28: =AJ28+AL28 -> 223 | AN28: =AM28+AO28 -> 255 | AO28: =Resumen!K30 -> 32 | AP28: =-ROUND(AN28*C28,0) -> -5 | AQ28: =AN28+AP28 -> 250
A29: REDES SOCIALES | B29: Chats | C29: ='Tasa Rotación'!I28 -> 0 | D29: 15 | E29: 0 | F29: -1 | G29: 14 | H29: 13 | I29: 0 | J29: 0 | K29: 13 | L29: 12 | M29: 0 | N29: 0 | O29: 12 | P29: 11 | Q29: 0 | R29: 0 | S29: 11 | T29: 13 | U29: 0 | V29: 0 | W29: 13 | X29: 13 | Y29: 0 | Z29: 0 | AA29: 13 | AB29: =AA29+AC29 -> 13 | AC29: 0 | AD29: =-ROUND(AB29*C29,0) -> 0 | AE29: =AB29+AD29 -> 13 | AF29: =AE29+AG29 -> 13 | AG29: 0 | AH29: =-ROUND(AF29*C29,0) -> 0 | AI29: =AF29+AH29 -> 13 | AJ29: =AI29+AK29 -> 13 | AK29: 0 | AL29: =-ROUND(AJ29*C29,0) -> 0 | AM29: =AJ29+AL29 -> 13 | AN29: =AM29+AO29 -> 13 | AO29: 0 | AP29: =-ROUND(AN29*C29,0) -> 0 | AQ29: =AN29+AP29 -> 13
A31: TOTAL | D31: =SUM(D5:D29) -> 1028 | E31: =SUM(E5:E29) -> 0 | F31: =SUM(F5:F29) -> -20 | G31: =SUM(G5:G29) -> 1008 | H31: =SUM(H5:H29) -> 1038 | I31: =SUM(I5:I29) -> 0 | J31: =SUM(J5:J29) -> -30 | K31: =SUM(K5:K29) -> 1008 | ... AQ31: =SUM(AQ5:AQ29) -> 1111
A33: LEYENDA
A34: Datos reales (Ene-Jun, no tocar)
A35: Ingresos editable (transferencias o ajustes)
