Workbook

Sheet Instrucciones
A1: MODELO DE PROYECCIÓN MENSUAL - INSTRUCCIONES
A3: ESTRUCTURA DEL ARCHIVO
A5: 1. Tasa Rotación
A6: Histórico real por mes y línea. La columna "Tasa Proyectada" es promedio de los últimos 3 meses.
A7: No tocar fórmulas. Solo agregar columnas nuevas cuando cierre un mes.
A9: 2. Pedidos
A10: Lleva el control de cuánta gente pediste cada mes y a qué línea destino llegarán.
A11: Llamadas: tarda 3 meses (M1 → M2 → entra a TRAINEE LLAMADAS en M3)
A12: Chats: tarda 3 meses (M1 → M2 → entra a CONTACTOS WEB después de M2)
A13: Merma estimada en formativo: 10% (2% en M1, 8% en M2)
A15: 3. Proyección
A16: Cierre mes = (INI mes - rotación) + ingresos del mes
... A42: • Revisa la hoja Resumen vs Capacity para ver si necesitas ajustar pedidos futuros.

Sheet Tasa Rotación
A1: TASA DE ROTACIÓN POR LÍNEA
A3: Línea | B3: Mundo | C3: Ene | D3: Feb | E3: Mar | F3: Abr | G3: May | H3: Jun | I3: Tasa Proy
A4: CONSULTAS GENERALES | B4: Llamadas | C4: 0.01369863 | D4: 0.036912752 | E4: 0.0073529412 | F4: 0.046428571 | G4: 0.038327526 | H4: 0.0033333333 | I4: =AVERAGE(F4:H4) -> 0.029363144
A5: SWAT | B5: Llamadas | C5: 0 | D5: 0 | E5: 0 | F5: 0.045454545 | G5: 0.047619048 | H5: 0 | I5: =AVERAGE(F5:H5) -> 0.031024531
A6: TRAINEE LLAMADAS | B6: Llamadas | C6: 0 | D6: 0.075757576 | E6: 0.0125 | F6: 0.014705882 | G6: 0.080645161 | H6: 0 | I6: =AVERAGE(F6:H6) -> 0.031783681
A7: TRAINEE-CCGG | B7: Llamadas | C7: 0.088235294 | D7: 0.081081081 | E7: 0.13333333 | F7: 0.071428571 | G7: 0.10344828 | H7: 0.0625 | I7: =AVERAGE(F7:H7) -> 0.079125616
A8: CANALES DIGITALES | B8: Llamadas | C8: 0 | D8: 0 | E8: 0 | F8: 0 | G8: 0.25 | H8: 0 | I8: =AVERAGE(F8:H8) -> 0.083333333
A9: UDAC BANCA MAYORISTA | B9: Llamadas | C9: 0 | D9: 0 | E9: 0 | F9: 0 | G9: 0 | H9: 0 | I9: =AVERAGE(F9:H9) -> 0
A10: UDAC BANCA NEGOCIOS | B10: Llamadas | C10: 0 | D10: 0 | E10: 0 | F10: 0 | G10: 0 | H10: 0 | I10: =AVERAGE(F10:H10) -> 0
A11: UDAC PYME | B11: Llamadas | C11: 0 | D11: 0.04 | E11: 0.075 | F11: 0 | G11: 0 | H11: 0.05 | I11: =AVERAGE(F11:H11) -> 0.016666667
A12: UDAC PYME BUZON | B12: Llamadas | C12: 0 | D12: 0 | E12: 0 | F12: 0 | G12: 0 | H12: 0 | I12: =AVERAGE(F12:H12) -> 0
A13: OPERACIONES NO RECONOCIDAS | B13: Llamadas | C13: 0.011494253 | D13: 0 | E13: 0 | F13: 0.018867925 | G13: 0 | H13: 0 | I13: =AVERAGE(F13:H13) -> 0.0062893082
A14: FUERA DE TURNO | B14: Llamadas | C14: 0 | D14: 0 | E14: 0 | F14: 0 | G14: 0 | H14: 0 | I14: =AVERAGE(F14:H14) -> 0
A15: OPERACIONES TRUNCAS | B15: Llamadas | C15: 0 | D15: 0 | E15: 0 | F15: 0 | G15: 0 | H15: 0 | I15: =AVERAGE(F15:H15) -> 0
... A28: REDES SOCIALES | B28: Chats | C28: 0.066666667 | D28: 0 | E28: 0 | F28: 0 | G28: 0 | H28: 0 | I28: =AVERAGE(F28:H28) -> 0
A31: NOTA: Tasa Proyectada = promedio de Abr, May, Jun. Cuando cierre un mes nuevo, agrega columna y la fórmula se ajusta sola si extiendes el rango.

Sheet Pedidos
A1: CONTROL DE PEDIDOS Y PIPELINE DE TRAINEES
A2: Llamadas: pedido del mes X entra a TRAINEE LLAMADAS en mes X+2. Chats: entra a CONTACTOS WEB en mes X+2.
A4: Mes Pedido | B4: Mundo | C4: Cantidad Pedida | D4: Mes Ingreso Línea | E4: Línea Destino | F4: Estimado (90% merma) | G4: Real Ingresado | H4: Notas
A5: Abr | B5: Llamadas | C5: 30 | D5: Jun (Ago) | E5: TRAINEE LLAMADAS | F5: =ROUND(C5*0.9,0) -> 27 | H5: Pedido en 3ra semana de Abr
A6: Abr | B6: Chats | C6: 20 | D6: Jun (Ago) | E6: CONTACTOS WEB | F6: =ROUND(C6*0.9,0) -> 18 | H6: Pedido en 3ra semana de Abr
A7: May | B7: Llamadas | C7: 20 | D7: Jul (Sep) | E7: TRAINEE LLAMADAS | F7: =ROUND(C7*0.9,0) -> 18 | H7: Pedido oficial en mayo
A8: May | B8: Chats | C8: 35 | D8: Jul (Sep) | E8: CONTACTOS WEB | F8: =ROUND(C8*0.9,0) -> 32 | H8: Pedido oficial en mayo
A9: Jun | B9: Llamadas | C9: 20 | D9: Ago (Oct) | E9: TRAINEE LLAMADAS | F9: =ROUND(C9*0.9,0) -> 18 | H9: Tentativo - validar
A10: Jun | B10: Chats | C10: 35 | D10: Ago (Oct) | E10: CONTACTOS WEB | F10: =ROUND(C10*0.9,0) -> 32 | H10: Tentativo - validar
A11: Jul | B11: Llamadas | C11: 20 | D11: Sep (Nov) | E11: TRAINEE LLAMADAS | F11: =ROUND(C11*0.9,0) -> 18 | H11: Tentativo - validar
A12: Jul | B12: Chats | C12: 35 | D12: Sep (Nov) | E12: CONTACTOS WEB | F12: =ROUND(C12*0.9,0) -> 32 | H12: Tentativo - validar

Sheet Proyección
A1: PROYECCIÓN DE PERSONAL POR LÍNEA
A2: Cierre mes = (INI - rotación) + ingresos + transferencias. INI mes = cierre mes anterior.
F3: JULIO | I3: AGOSTO | L3: SEPTIEMBRE | O3: OCTUBRE
A4: Línea | B4: Mundo | C4: Tasa | D4: May Real | E4: Jun Real | F4: Ing | G4: Transf | H4: Cierre | I4: Ing | J4: Transf | K4: Cierre | L4: Ing | M4: Transf | N4: Cierre | O4: Ing | P4: Transf | Q4: Cierre
A5: CONSULTAS GENERALES | B5: Llamadas | C5: ='Tasa Rotación'!I4 -> 0.029363144 | D5: 276 | E5: 299 | F5: 0 | G5: 0 | H5: =ROUND(E5*(1-C5),0)+F5+G5 -> 290 | I5: 0 | J5: 0 | K5: =ROUND(H5*(1-C5),0)+I5+J5 -> 281 | L5: 0 | M5: 0 | N5: =ROUND(K5*(1-C5),0)+L5+M5 -> 273 | O5: 0 | P5: 0 | Q5: =ROUND(N5*(1-C5),0)+O5+P5 -> 265
A6: SWAT | B6: Llamadas | C6: ='Tasa Rotación'!I5 -> 0.031024531 | D6: 20 | E6: 21 | F6: 0 | G6: 0 | H6: =ROUND(E6*(1-C6),0)+F6+G6 -> 20 | I6: 0 | J6: 0 | K6: =ROUND(H6*(1-C6),0)+I6+J6 -> 19 | L6: 0 | M6: 0 | N6: =ROUND(K6*(1-C6),0)+L6+M6 -> 18 | O6: 0 | P6: 0 | Q6: =ROUND(N6*(1-C6),0)+O6+P6 -> 17
A7: TRAINEE LLAMADAS | B7: Llamadas | C7: ='Tasa Rotación'!I6 -> 0.031783681 | D7: 57 | E7: 43 | F7: 18 | G7: 0 | H7: =ROUND(E7*(1-C7),0)+F7+G7 -> 60 | I7: 27 | J7: 0 | K7: =ROUND(H7*(1-C7),0)+I7+J7 -> 85 | L7: 18 | M7: 0 | N7: =ROUND(K7*(1-C7),0)+L7+M7 -> 100 | O7: 18 | P7: 0 | Q7: =ROUND(N7*(1-C7),0)+O7+P7 -> 115
A8: TRAINEE-CCGG | B8: Llamadas | C8: ='Tasa Rotación'!I7 -> 0.079125616 | D8: 26 | E8: 30 | F8: 0 | G8: 0 | H8: =ROUND(E8*(1-C8),0)+F8+G8 -> 28 | I8: 0 | J8: 0 | K8: =ROUND(H8*(1-C8),0)+I8+J8 -> 26 | L8: 0 | M8: 0 | N8: =ROUND(K8*(1-C8),0)+L8+M8 -> 24 | O8: 0 | P8: 0 | Q8: =ROUND(N8*(1-C8),0)+O8+P8 -> 22
A9: CANALES DIGITALES | B9: Llamadas | C9: ='Tasa Rotación'!I8 -> 0.083333333 | D9: 9 | E9: 0 | F9: 0 | G9: 0 | H9: =ROUND(E9*(1-C9),0)+F9+G9 -> 0 | I9: 0 | J9: 0 | K9: =ROUND(H9*(1-C9),0)+I9+J9 -> 0 | L9: 0 | M9: 0 | N9: =ROUND(K9*(1-C9),0)+L9+M9 -> 0 | O9: 0 | P9: 0 | Q9: =ROUND(N9*(1-C9),0)+O9+P9 -> 0
A10: UDAC BANCA MAYORISTA | B10: Llamadas | C10: ='Tasa Rotación'!I9 -> 0 | D10: 38 | E10: 38 | F10: 0 | G10: 0 | H10: =ROUND(E10*(1-C10),0)+F10+G10 -> 38 | I10: 0 | J10: 0 | K10: =ROUND(H10*(1-C10),0)+I10+J10 -> 38 | L10: 0 | M10: 0 | N10: =ROUND(K10*(1-C10),0)+L10+M10 -> 38 | O10: 0 | P10: 0 | Q10: =ROUND(N10*(1-C10),0)+O10+P10 -> 38
A11: UDAC BANCA NEGOCIOS | B11: Llamadas | C11: ='Tasa Rotación'!I10 -> 0 | D11: 20 | E11: 20 | F11: 0 | G11: 0 | H11: =ROUND(E11*(1-C11),0)+F11+G11 -> 20 | I11: 0 | J11: 0 | K11: =ROUND(H11*(1-C11),0)+I11+J11 -> 20 | L11: 0 | M11: 0 | N11: =ROUND(K11*(1-C11),0)+L11+M11 -> 20 | O11: 0 | P11: 0 | Q11: =ROUND(N11*(1-C11),0)+O11+P11 -> 20
A12: UDAC PYME | B12: Llamadas | C12: ='Tasa Rotación'!I11 -> 0.016666667 | D12: 37 | E12: 38 | F12: 0 | G12: 2 | H12: =ROUND(E12*(1-C12),0)+F12+G12 -> 39 | I12: 0 | J12: 0 | K12: =ROUND(H12*(1-C12),0)+I12+J12 -> 38 | L12: 0 | M12: 0 | N12: =ROUND(K12*(1-C12),0)+L12+M12 -> 37 | O12: 0 | P12: 0 | Q12: =ROUND(N12*(1-C12),0)+O12+P12 -> 36
A13: UDAC PYME BUZON | B13: Llamadas | C13: ='Tasa Rotación'!I12 -> 0 | D13: 16 | E13: 16 | F13: 0 | G13: 0 | H13: =ROUND(E13*(1-C13),0)+F13+G13 -> 16 | I13: 0 | J13: 0 | K13: =ROUND(H13*(1-C13),0)+I13+J13 -> 16 | L13: 0 | M13: 0 | N13: =ROUND(K13*(1-C13),0)+L13+M13 -> 16 | O13: 0 | P13: 0 | Q13: =ROUND(N13*(1-C13),0)+O13+P13 -> 16
A14: OPERACIONES NO RECONOCIDAS | B14: Llamadas | C14: ='Tasa Rotación'!I13 -> 0.0062893082 | D14: 106 | E14: 118 | F14: 0 | G14: -6 | H14: =ROUND(E14*(1-C14),0)+F14+G14 -> 111 | I14: 0 | J14: 0 | K14: =ROUND(H14*(1-C14),0)+I14+J14 -> 110 | L14: 0 | M14: 0 | N14: =ROUND(K14*(1-C14),0)+L14+M14 -> 109 | O14: 0 | P14: 0 | Q14: =ROUND(N14*(1-C14),0)+O14+P14 -> 108
A15: FUERA DE TURNO | B15: Llamadas | C15: ='Tasa Rotación'!I14 -> 0 | D15: 34 | E15: 36 | F15: 0 | G15: 0 | H15: =ROUND(E15*(1-C15),0)+F15+G15 -> 36 | I15: 0 | J15: 0 | K15: =ROUND(H15*(1-C15),0)+I15+J15 -> 36 | L15: 0 | M15: 0 | N15: =ROUND(K15*(1-C15),0)+L15+M15 -> 36 | O15: 0 | P15: 0 | Q15: =ROUND(N15*(1-C15),0)+O15+P15 -> 36
A16: OPERACIONES TRUNCAS | B16: Llamadas | C16: ='Tasa Rotación'!I15 -> 0 | D16: 13 | E16: 13 | F16: 0 | G16: 0 | H16: =ROUND(E16*(1-C16),0)+F16+G16 -> 13 | I16: 0 | J16: 0 | K16: =ROUND(H16*(1-C16),0)+I16+J16 -> 13 | L16: 0 | M16: 0 | N16: =ROUND(K16*(1-C16),0)+L16+M16 -> 13 | O16: 0 | P16: 0 | Q16: =ROUND(N16*(1-C16),0)+O16+P16 -> 13
... A29: REDES SOCIALES | B29: Chats | C29: ='Tasa Rotación'!I28 -> 0 | D29: 13 | E29: 13 | F29: 0 | G29: 0 | H29: =ROUND(E29*(1-C29),0)+F29+G29 -> 13 | I29: 0 | J29: 0 | K29: =ROUND(H29*(1-C29),0)+I29+J29 -> 13 | L29: 0 | M29: 0 | N29: =ROUND(K29*(1-C29),0)+L29+M29 -> 13 | O29: 0 | P29: 0 | Q29: =ROUND(N29*(1-C29),0)+O29+P29 -> 13
A31: TOTAL | D31: =SUM(D5:D29) -> 983 | E31: =SUM(E5:E29) -> 1015 | F31: =SUM(F5:F29) -> 50 | G31: =SUM(G5:G29) -> -4 | H31: =SUM(H5:H29) -> 1043 | I31: =SUM(I5:I29) -> 45 | J31: =SUM(J5:J29) -> 0 | K31: =SUM(K5:K29) -> 1068 | ... Q31: =SUM(Q5:Q29) -> 1128
A33: LEYENDA:
A34: Datos reales
A35: Editables (ingresos/transferencias)
A36: Fórmula automática (cierre proyectado)

Sheet Resumen vs Capacity
A1: RESUMEN: FORECAST VS CAPACITY POR MUNDO
A3: Concepto | B3: May | C3: Jun | D3: Jul | E3: Ago | F3: Sep | G3: Oct
A4: LLAMADAS
A5: Capacity | B5: 836 | C5: 889 | D5: 851 | E5: 784 | F5: 761 | G5: 732
A6: Forecast | B6: 824 | C6: 832 | D6: =SUM(Proyección!H5,Proyección!H6,Proyección!H7,Proyección!H8,Proyección!H9,Proyección!H10,Proyección!H11,Proyección!H12,Proyección!H13,Proyección!H14,Proyección!H15,Proyección!H16,Proyección!H17,Proyección!H18,Proyección!H19,Proyección!H20,Proyección!H21,Proyección!H22,Proyección!H23,Proyección!H24,Proyección!H25,Proyección!H26,Proyección!H27) -> 831 | E6: =SUM(Proyección!K5,Proyección!K6,Proyección!K7,Proyección!K8,Proyección!K9,Proyección!K10,Proyección!K11,Proyección!K12,Proyección!K13,Proyección!K14,Proyección!K15,Proyección!K16,Proyección!K17,Proyección!K18,Proyección!K19,Proyección!K20,Proyección!K21,Proyección!K22,Proyección!K23,Proyección!K24,Proyección!K25,Proyección!K26,Proyección!K27) -> 842 | F6: =SUM(Proyección!N5,Proyección!N6,Proyección!N7,Proyección!N8,Proyección!N9,Proyección!N10,Proyección!N11,Proyección!N12,Proyección!N13,Proyección!N14,Proyección!N15,Proyección!N16,Proyección!N17,Proyección!N18,Proyección!N19,Proyección!N20,Proyección!N21,Proyección!N22,Proyección!N23,Proyección!N24,Proyección!N25,Proyección!N26,Proyección!N27) -> 844 | G6: =SUM(Proyección!Q5,Proyección!Q6,Proyección!Q7,Proyección!Q8,Proyección!Q9,Proyección!Q10,Proyección!Q11,Proyección!Q12,Proyección!Q13,Proyección!Q14,Proyección!Q15,Proyección!Q16,Proyección!Q17,Proyección!Q18,Proyección!Q19,Proyección!Q20,Proyección!Q21,Proyección!Q22,Proyección!Q23,Proyección!Q24,Proyección!Q25,Proyección!Q26,Proyección!Q27) -> 846
A7: Cobertura | B7: =B6/B5 -> 0.98564593 | C7: =C6/C5 -> 0.93588301 | D7: =D6/D5 -> 0.97649824 | E7: =E6/E5 -> 1.0739796 | F7: =F6/F5 -> 1.109067 | G7: =G6/G5 -> 1.1557377
A9: CHATS
A10: Capacity | B10: 171 | C10: 227 | D10: 245 | E10: 242 | F10: 255 | G10: 240
A11: Forecast | B11: 159 | C11: 183 | D11: =SUM(Proyección!H28,Proyección!H29) -> 212 | E11: =SUM(Proyección!K28,Proyección!K29) -> 226 | F11: =SUM(Proyección!N28,Proyección!N29) -> 254 | G11: =SUM(Proyección!Q28,Proyección!Q29) -> 282
A12: Cobertura | B12: =B11/B10 -> 0.92982456 | C12: =C11/C10 -> 0.8061674 | D12: =D11/D10 -> 0.86530612 | E12: =E11/E10 -> 0.9338843 | F12: =F11/F10 -> 0.99607843 | G12: =G11/G10 -> 1.175
A14: INBOUND
A15: Capacity | B15: =B5+B10 -> 1007 | C15: =C5+C10 -> 1116 | D15: =D5+D10 -> 1096 | E15: =E5+E10 -> 1026 | F15: =F5+F10 -> 1016 | G15: =G5+G10 -> 972
A16: Forecast | B16: =B6+B11 -> 983 | C16: =C6+C11 -> 1015 | D16: =D6+D11 -> 1043 | E16: =E6+E11 -> 1068 | F16: =F6+F11 -> 1098 | G16: =G6+G11 -> 1128
A17: Cobertura | B17: =B16/B15 -> 0.97616683 | C17: =C16/C15 -> 0.90949821 | D17: =D16/D15 -> 0.95164234 | E17: =E16/E15 -> 1.0409357 | F17: =F16/F15 -> 1.0807087 | G17: =G16/G15 -> 1.1604938
