Workbook

Sheet RESUMEN
A1: ANÁLISIS DE MOVIMIENTOS DE GRADO SALARIAL – 2026
A2: Solo colaboradores activos en AMBOS meses | Chats: GCIA LINEA SERVICIO DIGITALIDAD Y VENTAS | Llamadas: INBOUND LÍNEAS SERVICIO Y VENTA + INBOUND LINEAS ESPECIALIZADAS
A3: 📋 Completa la tabla de abajo con los períodos que deseas analizar (Mes_Origen → Mes_Destino)
A4: Mes_Origen | B4: Mes_Destino | C4: B3 → B2 Chats | D4: B3 → B2 Llamadas | E4: B2 → B1 Chats | F4: B2 → B1 Llamadas
A5: Enero | B5: Febrero | C5: =IFERROR(contar.si.conjunto(CALCULO!$B$5:$B$5004,A5,CALCULO!$E$5:$E$5004,B5,CALCULO!$G$5:$G$5004,"B3 → B2",CALCULO!$H$5:$H$5004,"Chats",CALCULO!$K$5:$K$5004,"Sí"),0) -> 0 | D5: =IFERROR(contar.si.conjunto(CALCULO!$B$5:$B$5004,A5,CALCULO!$E$5:$E$5004,B5,CALCULO!$G$5:$G$5004,"B3 → B2",CALCULO!$H$5:$H$5004,"Llamadas",CALCULO!$K$5:$K$5004,"Sí"),0) -> 0 | E5: =IFERROR(contar.si.conjunto(CALCULO!$B$5:$B$5004,A5,CALCULO!$E$5:$E$5004,B5,CALCULO!$G$5:$G$5004,"B2 → B1",CALCULO!$H$5:$H$5004,"Chats",CALCULO!$K$5:$K$5004,"Sí"),0) -> 0 | F5: =IFERROR(contar.si.conjunto(CALCULO!$B$5:$B$5004,A5,CALCULO!$E$5:$E$5004,B5,CALCULO!$G$5:$G$5004,"B2 → B1",CALCULO!$H$5:$H$5004,"Llamadas",CALCULO!$K$5:$K$5004,"Sí"),0) -> 0
A6: Febrero | B6: Marzo | C6: =IFERROR(contar.si.conjunto(CALCULO!$B$5:$B$5004,A6,CALCULO!$E$5:$E$5004,B6,CALCULO!$G$5:$G$5004,"B3 → B2",CALCULO!$H$5:$H$5004,"Chats",CALCULO!$K$5:$K$5004,"Sí"),0) -> 0 | D6: =IFERROR(contar.si.conjunto(CALCULO!$B$5:$B$5004,A6,CALCULO!$E$5:$E$5004,B6,CALCULO!$G$5:$G$5004,"B3 → B2",CALCULO!$H$5:$H$5004,"Llamadas",CALCULO!$K$5:$K$5004,"Sí"),0) -> 0 | E6: =IFERROR(contar.si.conjunto(CALCULO!$B$5:$B$5004,A6,CALCULO!$E$5:$E$5004,B6,CALCULO!$G$5:$G$5004,"B2 → B1",CALCULO!$H$5:$H$5004,"Chats",CALCULO!$K$5:$K$5004,"Sí"),0) -> 0 | F6: =IFERROR(contar.si.conjunto(CALCULO!$B$5:$B$5004,A6,CALCULO!$E$5:$E$5004,B6,CALCULO!$G$5:$G$5004,"B2 → B1",CALCULO!$H$5:$H$5004,"Llamadas",CALCULO!$K$5:$K$5004,"Sí"),0) -> 0
A7: Marzo | B7: Abril | C7: =IFERROR(contar.si.conjunto(CALCULO!$B$5:$B$5004,A7,CALCULO!$E$5:$E$5004,B7,CALCULO!$G$5:$G$5004,"B3 → B2",CALCULO!$H$5:$H$5004,"Chats",CALCULO!$K$5:$K$5004,"Sí"),0) -> 0 | D7: =IFERROR(contar.si.conjunto(CALCULO!$B$5:$B$5004,A7,CALCULO!$E$5:$E$5004,B7,CALCULO!$G$5:$G$5004,"B3 → B2",CALCULO!$H$5:$H$5004,"Llamadas",CALCULO!$K$5:$K$5004,"Sí"),0) -> 0 | E7: =IFERROR(contar.si.conjunto(CALCULO!$B$5:$B$5004,A7,CALCULO!$E$5:$E$5004,B7,CALCULO!$G$5:$G$5004,"B2 → B1",CALCULO!$H$5:$H$5004,"Chats",CALCULO!$K$5:$K$5004,"Sí"),0) -> 0 | F7: =IFERROR(contar.si.conjunto(CALCULO!$B$5:$B$5004,A7,CALCULO!$E$5:$E$5004,B7,CALCULO!$G$5:$G$5004,"B2 → B1",CALCULO!$H$5:$H$5004,"Llamadas",CALCULO!$K$5:$K$5004,"Sí"),0) -> 0
A8: Abril | B8: Mayo | C8: =IFERROR(contar.si.conjunto(CALCULO!$B$5:$B$5004,A8,CALCULO!$E$5:$E$5004,B8,CALCULO!$G$5:$G$5004,"B3 → B2",CALCULO!$H$5:$H$5004,"Chats",CALCULO!$K$5:$K$5004,"Sí"),0) -> 0 | D8: =IFERROR(contar.si.conjunto(CALCULO!$B$5:$B$5004,A8,CALCULO!$E$5:$E$5004,B8,CALCULO!$G$5:$G$5004,"B3 → B2",CALCULO!$H$5:$H$5004,"Llamadas",CALCULO!$K$5:$K$5004,"Sí"),0) -> 0 | E8: =IFERROR(contar.si.conjunto(CALCULO!$B$5:$B$5004,A8,CALCULO!$E$5:$E$5004,B8,CALCULO!$G$5:$G$5004,"B2 → B1",CALCULO!$H$5:$H$5004,"Chats",CALCULO!$K$5:$K$5004,"Sí"),0) -> 0 | F8: =IFERROR(contar.si.conjunto(CALCULO!$B$5:$B$5004,A8,CALCULO!$E$5:$E$5004,B8,CALCULO!$G$5:$G$5004,"B2 → B1",CALCULO!$H$5:$H$5004,"Llamadas",CALCULO!$K$5:$K$5004,"Sí"),0) -> 0
A9: Mayo | B9: Junio | C9: =IFERROR(contar.si.conjunto(CALCULO!$B$5:$B$5004,A9,CALCULO!$E$5:$E$5004,B9,CALCULO!$G$5:$G$5004,"B3 → B2",CALCULO!$H$5:$H$5004,"Chats",CALCULO!$K$5:$K$5004,"Sí"),0) -> 0 | D9: =IFERROR(contar.si.conjunto(CALCULO!$B$5:$B$5004,A9,CALCULO!$E$5:$E$5004,B9,CALCULO!$G$5:$G$5004,"B3 → B2",CALCULO!$H$5:$H$5004,"Llamadas",CALCULO!$K$5:$K$5004,"Sí"),0) -> 0 | E9: =IFERROR(contar.si.conjunto(CALCULO!$B$5:$B$5004,A9,CALCULO!$E$5:$E$5004,B9,CALCULO!$G$5:$G$5004,"B2 → B1",CALCULO!$H$5:$H$5004,"Chats",CALCULO!$K$5:$K$5004,"Sí"),0) -> 0 | F9: =IFERROR(contar.si.conjunto(CALCULO!$B$5:$B$5004,A9,CALCULO!$E$5:$E$5004,B9,CALCULO!$G$5:$G$5004,"B2 → B1",CALCULO!$H$5:$H$5004,"Llamadas",CALCULO!$K$5:$K$5004,"Sí"),0) -> 0
A10: Junio | B10: Julio | C10: =IFERROR(contar.si.conjunto(CALCULO!$B$5:$B$5004,A10,CALCULO!$E$5:$E$5004,B10,CALCULO!$G$5:$G$5004,"B3 → B2",CALCULO!$H$5:$H$5004,"Chats",CALCULO!$K$5:$K$5004,"Sí"),0) -> 0 | D10: =IFERROR(contar.si.conjunto(CALCULO!$B$5:$B$5004,A10,CALCULO!$E$5:$E$5004,B10,CALCULO!$G$5:$G$5004,"B3 → B2",CALCULO!$H$5:$H$5004,"Llamadas",CALCULO!$K$5:$K$5004,"Sí"),0) -> 0 | E10: =IFERROR(contar.si.conjunto(CALCULO!$B$5:$B$5004,A10,CALCULO!$E$5:$E$5004,B10,CALCULO!$G$5:$G$5004,"B2 → B1",CALCULO!$H$5:$H$5004,"Chats",CALCULO!$K$5:$K$5004,"Sí"),0) -> 0 | F10: =IFERROR(contar.si.conjunto(CALCULO!$B$5:$B$5004,A10,CALCULO!$E$5:$E$5004,B10,CALCULO!$G$5:$G$5004,"B2 → B1",CALCULO!$H$5:$H$5004,"Llamadas",CALCULO!$K$5:$K$5004,"Sí"),0) -> 0
A11: Julio | B11: Agosto | C11: =IFERROR(contar.si.conjunto(CALCULO!$B$5:$B$5004,A11,CALCULO!$E$5:$E$5004,B11,CALCULO!$G$5:$G$5004,"B3 → B2",CALCULO!$H$5:$H$5004,"Chats",CALCULO!$K$5:$K$5004,"Sí"),0) -> 0 | D11: =IFERROR(contar.si.conjunto(CALCULO!$B$5:$B$5004,A11,CALCULO!$E$5:$E$5004,B11,CALCULO!$G$5:$G$5004,"B3 → B2",CALCULO!$H$5:$H$5004,"Llamadas",CALCULO!$K$5:$K$5004,"Sí"),0) -> 0 | E11: =IFERROR(contar.si.conjunto(CALCULO!$B$5:$B$5004,A11,CALCULO!$E$5:$E$5004,B11,CALCULO!$G$5:$G$5004,"B2 → B1",CALCULO!$H$5:$H$5004,"Chats",CALCULO!$K$5:$K$5004,"Sí"),0) -> 0 | F11: =IFERROR(contar.si.conjunto(CALCULO!$B$5:$B$5004,A11,CALCULO!$E$5:$E$5004,B11,CALCULO!$G$5:$G$5004,"B2 → B1",CALCULO!$H$5:$H$5004,"Llamadas",CALCULO!$K$5:$K$5004,"Sí"),0) -> 0
A12: Agosto | B12: Septiembre | C12: =IFERROR(contar.si.conjunto(CALCULO!$B$5:$B$5004,A12,CALCULO!$E$5:$E$5004,B12,CALCULO!$G$5:$G$5004,"B3 → B2",CALCULO!$H$5:$H$5004,"Chats",CALCULO!$K$5:$K$5004,"Sí"),0) -> 0 | D12: =IFERROR(contar.si.conjunto(CALCULO!$B$5:$B$5004,A12,CALCULO!$E$5:$E$5004,B12,CALCULO!$G$5:$G$5004,"B3 → B2",CALCULO!$H$5:$H$5004,"Llamadas",CALCULO!$K$5:$K$5004,"Sí"),0) -> 0 | E12: =IFERROR(contar.si.conjunto(CALCULO!$B$5:$B$5004,A12,CALCULO!$E$5:$E$5004,B12,CALCULO!$G$5:$G$5004,"B2 → B1",CALCULO!$H$5:$H$5004,"Chats",CALCULO!$K$5:$K$5004,"Sí"),0) -> 0 | F12: =IFERROR(contar.si.conjunto(CALCULO!$B$5:$B$5004,A12,CALCULO!$E$5:$E$5004,B12,CALCULO!$G$5:$G$5004,"B2 → B1",CALCULO!$H$5:$H$5004,"Llamadas",CALCULO!$K$5:$K$5004,"Sí"),0) -> 0
A13: Septiembre | B13: Octubre | C13: =IFERROR(contar.si.conjunto(CALCULO!$B$5:$B$5004,A13,CALCULO!$E$5:$E$5004,B13,CALCULO!$G$5:$G$5004,"B3 → B2",CALCULO!$H$5:$H$5004,"Chats",CALCULO!$K$5:$K$5004,"Sí"),0) -> 0 | D13: =IFERROR(contar.si.conjunto(CALCULO!$B$5:$B$5004,A13,CALCULO!$E$5:$E$5004,B13,CALCULO!$G$5:$G$5004,"B3 → B2",CALCULO!$H$5:$H$5004,"Llamadas",CALCULO!$K$5:$K$5004,"Sí"),0) -> 0 | E13: =IFERROR(contar.si.conjunto(CALCULO!$B$5:$B$5004,A13,CALCULO!$E$5:$E$5004,B13,CALCULO!$G$5:$G$5004,"B2 → B1",CALCULO!$H$5:$H$5004,"Chats",CALCULO!$K$5:$K$5004,"Sí"),0) -> 0 | F13: =IFERROR(contar.si.conjunto(CALCULO!$B$5:$B$5004,A13,CALCULO!$E$5:$E$5004,B13,CALCULO!$G$5:$G$5004,"B2 → B1",CALCULO!$H$5:$H$5004,"Llamadas",CALCULO!$K$5:$K$5004,"Sí"),0) -> 0
A14: Octubre | B14: Noviembre | C14: =IFERROR(contar.si.conjunto(CALCULO!$B$5:$B$5004,A14,CALCULO!$E$5:$E$5004,B14,CALCULO!$G$5:$G$5004,"B3 → B2",CALCULO!$H$5:$H$5004,"Chats",CALCULO!$K$5:$K$5004,"Sí"),0) -> 0 | D14: =IFERROR(contar.si.conjunto(CALCULO!$B$5:$B$5004,A14,CALCULO!$E$5:$E$5004,B14,CALCULO!$G$5:$G$5004,"B3 → B2",CALCULO!$H$5:$H$5004,"Llamadas",CALCULO!$K$5:$K$5004,"Sí"),0) -> 0 | E14: =IFERROR(contar.si.conjunto(CALCULO!$B$5:$B$5004,A14,CALCULO!$E$5:$E$5004,B14,CALCULO!$G$5:$G$5004,"B2 → B1",CALCULO!$H$5:$H$5004,"Chats",CALCULO!$K$5:$K$5004,"Sí"),0) -> 0 | F14: =IFERROR(contar.si.conjunto(CALCULO!$B$5:$B$5004,A14,CALCULO!$E$5:$E$5004,B14,CALCULO!$G$5:$G$5004,"B2 → B1",CALCULO!$H$5:$H$5004,"Llamadas",CALCULO!$K$5:$K$5004,"Sí"),0) -> 0
A15: Noviembre | B15: Diciembre | C15: =IFERROR(contar.si.conjunto(CALCULO!$B$5:$B$5004,A15,CALCULO!$E$5:$E$5004,B15,CALCULO!$G$5:$G$5004,"B3 → B2",CALCULO!$H$5:$H$5004,"Chats",CALCULO!$K$5:$K$5004,"Sí"),0) -> 0 | D15: =IFERROR(contar.si.conjunto(CALCULO!$B$5:$B$5004,A15,CALCULO!$E$5:$E$5004,B15,CALCULO!$G$5:$G$5004,"B3 → B2",CALCULO!$H$5:$H$5004,"Llamadas",CALCULO!$K$5:$K$5004,"Sí"),0) -> 0 | E15: =IFERROR(contar.si.conjunto(CALCULO!$B$5:$B$5004,A15,CALCULO!$E$5:$E$5004,B15,CALCULO!$G$5:$G$5004,"B2 → B1",CALCULO!$H$5:$H$5004,"Chats",CALCULO!$K$5:$K$5004,"Sí"),0) -> 0 | F15: =IFERROR(contar.si.conjunto(CALCULO!$B$5:$B$5004,A15,CALCULO!$E$5:$E$5004,B15,CALCULO!$G$5:$G$5004,"B2 → B1",CALCULO!$H$5:$H$5004,"Llamadas",CALCULO!$K$5:$K$5004,"Sí"),0) -> 0
C16: =IFERROR(contar.si.conjunto(CALCULO!$B$5:$B$5004,A16,CALCULO!$E$5:$E$5004,B16,CALCULO!$G$5:$G$5004,"B3 → B2",CALCULO!$H$5:$H$5004,"Chats",CALCULO!$K$5:$K$5004,"Sí"),0) -> 0 | D16: =IFERROR(contar.si.conjunto(CALCULO!$B$5:$B$5004,A16,CALCULO!$E$5:$E$5004,B16,CALCULO!$G$5:$G$5004,"B3 → B2",CALCULO!$H$5:$H$5004,"Llamadas",CALCULO!$K$5:$K$5004,"Sí"),0) -> 0 | E16: =IFERROR(contar.si.conjunto(CALCULO!$B$5:$B$5004,A16,CALCULO!$E$5:$E$5004,B16,CALCULO!$G$5:$G$5004,"B2 → B1",CALCULO!$H$5:$H$5004,"Chats",CALCULO!$K$5:$K$5004,"Sí"),0) -> 0 | F16: =IFERROR(contar.si.conjunto(CALCULO!$B$5:$B$5004,A16,CALCULO!$E$5:$E$5004,B16,CALCULO!$G$5:$G$5004,"B2 → B1",CALCULO!$H$5:$H$5004,"Llamadas",CALCULO!$K$5:$K$5004,"Sí"),0) -> 0
A17: TOTAL AÑO | C17: =SUM(C5:C16) -> 0 | D17: =SUM(D5:D16) -> 0 | E17: =SUM(E5:E16) -> 0 | F17: =SUM(F5:F16) -> 0
A19: RESUMEN CONSOLIDADO POR TIPO DE TRANSICIÓN
A20: Transición | B20: Chats (Total año) | C20: Llamadas (Total año) | D20: TOTAL
A21: B3 → B2 | B21: =SUM(C5:C16) -> 0 | C21: =SUM(D5:D16) -> 0 | D21: =B21+C21 -> 0
A22: B2 → B1 | B22: =SUM(E5:E16) -> 0 | C22: =SUM(F5:F16) -> 0 | D22: =B22+C22 -> 0

Sheet DATA
A1: ⬇️ PEGA TU DATA AQUÍ — mantén los encabezados en la fila 1 y los datos desde la fila 2
A2: Año | B2: Mes | C2: Canal | D2: Atención | E2: Matricula | F2: Cod. | G2: Colaborador | H2: Fecha ingreso | I2: Fecha fin contrato | J2: Tipo de contrato | K2: Función actual | L2: Cod Función actual | M2: GS | N2: Unidad actual | O2: Cod. Unidad actual | P2: Mat. Jefe actual | Q2: Jefe mes actual | R2: Dpto | S2: Canal 2 | T2: Tipo | U2: Tipo de Orgánico | V2: Ubicación | W2: Gcia | X2: Ingreso puesto | Y2: CIUDAD | Z2: Correo
B3: ← Mes (col B) | E3: ← Matricula (col E) | M3: ← GS (col M) | W3: ← Gcia (col W)

Sheet CALCULO
A1: TABLA DE TRANSICIONES — Se actualiza automáticamente al pegar datos en DATA
A2: ✏️ Columnas AMARILLAS: ingresa Matricula, Mes_Origen y Mes_Destino de cada colaborador que quieras comparar. ⚡ Columnas AZULES: se calculan solas con BUSCARX desde DATA.
A3: ✏️ INGRESAR | B3: ✏️ INGRESAR | C3: ⚡ AUTO | D3: ⚡ AUTO | E3: ✏️ INGRESAR | F3: ⚡ AUTO | G3: ⚡ AUTO | H3: ⚡ AUTO | I3: ⚡ AUTO | J3: ⚡ AUTO | K3: ⚡ AUTO
A4: Matricula | B4: Mes_Origen | C4: GS_Origen | D4: Gcia_Origen | E4: Mes_Destino | F4: GS_Destino | G4: Transicion | H4: Tipo_Servicio | I4: Activo_Origen | J4: Activo_Destino | K4: Activo_Ambos
C5: =IF(A5="","",IFERROR(buscarx(A5&B5,DATA!$E$3:$E$10000&DATA!$B$3:$B$10000,DATA!$M$3:$M$10000),"No encontrado")) | D5: =IF(A5="","",IFERROR(buscarx(A5&B5,DATA!$E$3:$E$10000&DATA!$B$3:$B$10000,DATA!$W$3:$W$10000),"No encontrado")) | F5: =IF(A5="","",IFERROR(buscarx(A5&E5,DATA!$E$3:$E$10000&DATA!$B$3:$B$10000,DATA!$M$3:$M$10000),"Inactivo")) | G5: =IF(A5="","",IF(AND(C5<>"No encontrado",F5<>"Inactivo"),C5&" → "&F5,"Sin transición")) | H5: =IF(A5="","",IF(D5="GCIA LINEA SERVICIO DIGITALIDAD Y VENTAS","Chats",IF(OR(D5="GERENCIA INBOUND LÍNEAS SERVICIO Y VENTA",D5="GERENCIA INBOUND LINEAS ESPECIALIZADAS"),"Llamadas","Otro"))) | I5: =IF(A5="","",IF(C5="No encontrado","No","Sí")) | J5: =IF(A5="","",IF(F5="Inactivo","No","Sí")) | K5: =IF(A5="","",IF(AND(I5="Sí",J5="Sí"),"Sí","No"))
C6: =IF(A6="","",IFERROR(buscarx(A6&B6,DATA!$E$3:$E$10000&DATA!$B$3:$B$10000,DATA!$M$3:$M$10000),"No encontrado")) | D6: =IF(A6="","",IFERROR(buscarx(A6&B6,DATA!$E$3:$E$10000&DATA!$B$3:$B$10000,DATA!$W$3:$W$10000),"No encontrado")) | F6: =IF(A6="","",IFERROR(buscarx(A6&E6,DATA!$E$3:$E$10000&DATA!$B$3:$B$10000,DATA!$M$3:$M$10000),"Inactivo")) | G6: =IF(A6="","",IF(AND(C6<>"No encontrado",F6<>"Inactivo"),C6&" → "&F6,"Sin transición")) | H6: =IF(A6="","",IF(D6="GCIA LINEA SERVICIO DIGITALIDAD Y VENTAS","Chats",IF(OR(D6="GERENCIA INBOUND LÍNEAS SERVICIO Y VENTA",D6="GERENCIA INBOUND LINEAS ESPECIALIZADAS"),"Llamadas","Otro"))) | I6: =IF(A6="","",IF(C6="No encontrado","No","Sí")) | J6: =IF(A6="","",IF(F6="Inactivo","No","Sí")) | K6: =IF(A6="","",IF(AND(I6="Sí",J6="Sí"),"Sí","No"))
C7: =IF(A7="","",IFERROR(buscarx(A7&B7,DATA!$E$3:$E$10000&DATA!$B$3:$B$10000,DATA!$M$3:$M$10000),"No encontrado")) | D7: =IF(A7="","",IFERROR(buscarx(A7&B7,DATA!$E$3:$E$10000&DATA!$B$3:$B$10000,DATA!$W$3:$W$10000),"No encontrado")) | F7: =IF(A7="","",IFERROR(buscarx(A7&E7,DATA!$E$3:$E$10000&DATA!$B$3:$B$10000,DATA!$M$3:$M$10000),"Inactivo")) | G7: =IF(A7="","",IF(AND(C7<>"No encontrado",F7<>"Inactivo"),C7&" → "&F7,"Sin transición")) | H7: =IF(A7="","",IF(D7="GCIA LINEA SERVICIO DIGITALIDAD Y VENTAS","Chats",IF(OR(D7="GERENCIA INBOUND LÍNEAS SERVICIO Y VENTA",D7="GERENCIA INBOUND LINEAS ESPECIALIZADAS"),"Llamadas","Otro"))) | I7: =IF(A7="","",IF(C7="No encontrado","No","Sí")) | J7: =IF(A7="","",IF(F7="Inactivo","No","Sí")) | K7: =IF(A7="","",IF(AND(I7="Sí",J7="Sí"),"Sí","No"))
C8: =IF(A8="","",IFERROR(buscarx(A8&B8,DATA!$E$3:$E$10000&DATA!$B$3:$B$10000,DATA!$M$3:$M$10000),"No encontrado")) | D8: =IF(A8="","",IFERROR(buscarx(A8&B8,DATA!$E$3:$E$10000&DATA!$B$3:$B$10000,DATA!$W$3:$W$10000),"No encontrado")) | F8: =IF(A8="","",IFERROR(buscarx(A8&E8,DATA!$E$3:$E$10000&DATA!$B$3:$B$10000,DATA!$M$3:$M$10000),"Inactivo")) | G8: =IF(A8="","",IF(AND(C8<>"No encontrado",F8<>"Inactivo"),C8&" → "&F8,"Sin transición")) | H8: =IF(A8="","",IF(D8="GCIA LINEA SERVICIO DIGITALIDAD Y VENTAS","Chats",IF(OR(D8="GERENCIA INBOUND LÍNEAS SERVICIO Y VENTA",D8="GERENCIA INBOUND LINEAS ESPECIALIZADAS"),"Llamadas","Otro"))) | I8: =IF(A8="","",IF(C8="No encontrado","No","Sí")) | J8: =IF(A8="","",IF(F8="Inactivo","No","Sí")) | K8: =IF(A8="","",IF(AND(I8="Sí",J8="Sí"),"Sí","No"))
C9: =IF(A9="","",IFERROR(buscarx(A9&B9,DATA!$E$3:$E$10000&DATA!$B$3:$B$10000,DATA!$M$3:$M$10000),"No encontrado")) | D9: =IF(A9="","",IFERROR(buscarx(A9&B9,DATA!$E$3:$E$10000&DATA!$B$3:$B$10000,DATA!$W$3:$W$10000),"No encontrado")) | F9: =IF(A9="","",IFERROR(buscarx(A9&E9,DATA!$E$3:$E$10000&DATA!$B$3:$B$10000,DATA!$M$3:$M$10000),"Inactivo")) | G9: =IF(A9="","",IF(AND(C9<>"No encontrado",F9<>"Inactivo"),C9&" → "&F9,"Sin transición")) | H9: =IF(A9="","",IF(D9="GCIA LINEA SERVICIO DIGITALIDAD Y VENTAS","Chats",IF(OR(D9="GERENCIA INBOUND LÍNEAS SERVICIO Y VENTA",D9="GERENCIA INBOUND LINEAS ESPECIALIZADAS"),"Llamadas","Otro"))) | I9: =IF(A9="","",IF(C9="No encontrado","No","Sí")) | J9: =IF(A9="","",IF(F9="Inactivo","No","Sí")) | K9: =IF(A9="","",IF(AND(I9="Sí",J9="Sí"),"Sí","No"))
C10: =IF(A10="","",IFERROR(buscarx(A10&B10,DATA!$E$3:$E$10000&DATA!$B$3:$B$10000,DATA!$M$3:$M$10000),"No encontrado")) | D10: =IF(A10="","",IFERROR(buscarx(A10&B10,DATA!$E$3:$E$10000&DATA!$B$3:$B$10000,DATA!$W$3:$W$10000),"No encontrado")) | F10: =IF(A10="","",IFERROR(buscarx(A10&E10,DATA!$E$3:$E$10000&DATA!$B$3:$B$10000,DATA!$M$3:$M$10000),"Inactivo")) | G10: =IF(A10="","",IF(AND(C10<>"No encontrado",F10<>"Inactivo"),C10&" → "&F10,"Sin transición")) | H10: =IF(A10="","",IF(D10="GCIA LINEA SERVICIO DIGITALIDAD Y VENTAS","Chats",IF(OR(D10="GERENCIA INBOUND LÍNEAS SERVICIO Y VENTA",D10="GERENCIA INBOUND LINEAS ESPECIALIZADAS"),"Llamadas","Otro"))) | I10: =IF(A10="","",IF(C10="No encontrado","No","Sí")) | J10: =IF(A10="","",IF(F10="Inactivo","No","Sí")) | K10: =IF(A10="","",IF(AND(I10="Sí",J10="Sí"),"Sí","No"))
C11: =IF(A11="","",IFERROR(buscarx(A11&B11,DATA!$E$3:$E$10000&DATA!$B$3:$B$10000,DATA!$M$3:$M$10000),"No encontrado")) | D11: =IF(A11="","",IFERROR(buscarx(A11&B11,DATA!$E$3:$E$10000&DATA!$B$3:$B$10000,DATA!$W$3:$W$10000),"No encontrado")) | F11: =IF(A11="","",IFERROR(buscarx(A11&E11,DATA!$E$3:$E$10000&DATA!$B$3:$B$10000,DATA!$M$3:$M$10000),"Inactivo")) | G11: =IF(A11="","",IF(AND(C11<>"No encontrado",F11<>"Inactivo"),C11&" → "&F11,"Sin transición")) | H11: =IF(A11="","",IF(D11="GCIA LINEA SERVICIO DIGITALIDAD Y VENTAS","Chats",IF(OR(D11="GERENCIA INBOUND LÍNEAS SERVICIO Y VENTA",D11="GERENCIA INBOUND LINEAS ESPECIALIZADAS"),"Llamadas","Otro"))) | I11: =IF(A11="","",IF(C11="No encontrado","No","Sí")) | J11: =IF(A11="","",IF(F11="Inactivo","No","Sí")) | K11: =IF(A11="","",IF(AND(I11="Sí",J11="Sí"),"Sí","No"))
C12: =IF(A12="","",IFERROR(buscarx(A12&B12,DATA!$E$3:$E$10000&DATA!$B$3:$B$10000,DATA!$M$3:$M$10000),"No encontrado")) | D12: =IF(A12="","",IFERROR(buscarx(A12&B12,DATA!$E$3:$E$10000&DATA!$B$3:$B$10000,DATA!$W$3:$W$10000),"No encontrado")) | F12: =IF(A12="","",IFERROR(buscarx(A12&E12,DATA!$E$3:$E$10000&DATA!$B$3:$B$10000,DATA!$M$3:$M$10000),"Inactivo")) | G12: =IF(A12="","",IF(AND(C12<>"No encontrado",F12<>"Inactivo"),C12&" → "&F12,"Sin transición")) | H12: =IF(A12="","",IF(D12="GCIA LINEA SERVICIO DIGITALIDAD Y VENTAS","Chats",IF(OR(D12="GERENCIA INBOUND LÍNEAS SERVICIO Y VENTA",D12="GERENCIA INBOUND LINEAS ESPECIALIZADAS"),"Llamadas","Otro"))) | I12: =IF(A12="","",IF(C12="No encontrado","No","Sí")) | J12: =IF(A12="","",IF(F12="Inactivo","No","Sí")) | K12: =IF(A12="","",IF(AND(I12="Sí",J12="Sí"),"Sí","No"))
C13: =IF(A13="","",IFERROR(buscarx(A13&B13,DATA!$E$3:$E$10000&DATA!$B$3:$B$10000,DATA!$M$3:$M$10000),"No encontrado")) | D13: =IF(A13="","",IFERROR(buscarx(A13&B13,DATA!$E$3:$E$10000&DATA!$B$3:$B$10000,DATA!$W$3:$W$10000),"No encontrado")) | F13: =IF(A13="","",IFERROR(buscarx(A13&E13,DATA!$E$3:$E$10000&DATA!$B$3:$B$10000,DATA!$M$3:$M$10000),"Inactivo")) | G13: =IF(A13="","",IF(AND(C13<>"No encontrado",F13<>"Inactivo"),C13&" → "&F13,"Sin transición")) | H13: =IF(A13="","",IF(D13="GCIA LINEA SERVICIO DIGITALIDAD Y VENTAS","Chats",IF(OR(D13="GERENCIA INBOUND LÍNEAS SERVICIO Y VENTA",D13="GERENCIA INBOUND LINEAS ESPECIALIZADAS"),"Llamadas","Otro"))) | I13: =IF(A13="","",IF(C13="No encontrado","No","Sí")) | J13: =IF(A13="","",IF(F13="Inactivo","No","Sí")) | K13: =IF(A13="","",IF(AND(I13="Sí",J13="Sí"),"Sí","No"))
C14: =IF(A14="","",IFERROR(buscarx(A14&B14,DATA!$E$3:$E$10000&DATA!$B$3:$B$10000,DATA!$M$3:$M$10000),"No encontrado")) | D14: =IF(A14="","",IFERROR(buscarx(A14&B14,DATA!$E$3:$E$10000&DATA!$B$3:$B$10000,DATA!$W$3:$W$10000),"No encontrado")) | F14: =IF(A14="","",IFERROR(buscarx(A14&E14,DATA!$E$3:$E$10000&DATA!$B$3:$B$10000,DATA!$M$3:$M$10000),"Inactivo")) | G14: =IF(A14="","",IF(AND(C14<>"No encontrado",F14<>"Inactivo"),C14&" → "&F14,"Sin transición")) | H14: =IF(A14="","",IF(D14="GCIA LINEA SERVICIO DIGITALIDAD Y VENTAS","Chats",IF(OR(D14="GERENCIA INBOUND LÍNEAS SERVICIO Y VENTA",D14="GERENCIA INBOUND LINEAS ESPECIALIZADAS"),"Llamadas","Otro"))) | I14: =IF(A14="","",IF(C14="No encontrado","No","Sí")) | J14: =IF(A14="","",IF(F14="Inactivo","No","Sí")) | K14: =IF(A14="","",IF(AND(I14="Sí",J14="Sí"),"Sí","No"))
C15: =IF(A15="","",IFERROR(buscarx(A15&B15,DATA!$E$3:$E$10000&DATA!$B$3:$B$10000,DATA!$M$3:$M$10000),"No encontrado")) | D15: =IF(A15="","",IFERROR(buscarx(A15&B15,DATA!$E$3:$E$10000&DATA!$B$3:$B$10000,DATA!$W$3:$W$10000),"No encontrado")) | F15: =IF(A15="","",IFERROR(buscarx(A15&E15,DATA!$E$3:$E$10000&DATA!$B$3:$B$10000,DATA!$M$3:$M$10000),"Inactivo")) | G15: =IF(A15="","",IF(AND(C15<>"No encontrado",F15<>"Inactivo"),C15&" → "&F15,"Sin transición")) | H15: =IF(A15="","",IF(D15="GCIA LINEA SERVICIO DIGITALIDAD Y VENTAS","Chats",IF(OR(D15="GERENCIA INBOUND LÍNEAS SERVICIO Y VENTA",D15="GERENCIA INBOUND LINEAS ESPECIALIZADAS"),"Llamadas","Otro"))) | I15: =IF(A15="","",IF(C15="No encontrado","No","Sí")) | J15: =IF(A15="","",IF(F15="Inactivo","No","Sí")) | K15: =IF(A15="","",IF(AND(I15="Sí",J15="Sí"),"Sí","No"))
C16: =IF(A16="","",IFERROR(buscarx(A16&B16,DATA!$E$3:$E$10000&DATA!$B$3:$B$10000,DATA!$M$3:$M$10000),"No encontrado")) | D16: =IF(A16="","",IFERROR(buscarx(A16&B16,DATA!$E$3:$E$10000&DATA!$B$3:$B$10000,DATA!$W$3:$W$10000),"No encontrado")) | F16: =IF(A16="","",IFERROR(buscarx(A16&E16,DATA!$E$3:$E$10000&DATA!$B$3:$B$10000,DATA!$M$3:$M$10000),"Inactivo")) | G16: =IF(A16="","",IF(AND(C16<>"No encontrado",F16<>"Inactivo"),C16&" → "&F16,"Sin transición")) | H16: =IF(A16="","",IF(D16="GCIA LINEA SERVICIO DIGITALIDAD Y VENTAS","Chats",IF(OR(D16="GERENCIA INBOUND LÍNEAS SERVICIO Y VENTA",D16="GERENCIA INBOUND LINEAS ESPECIALIZADAS"),"Llamadas","Otro"))) | I16: =IF(A16="","",IF(C16="No encontrado","No","Sí")) | J16: =IF(A16="","",IF(F16="Inactivo","No","Sí")) | K16: =IF(A16="","",IF(AND(I16="Sí",J16="Sí"),"Sí","No"))
... C5004: =IF(A5004="","",IFERROR(buscarx(A5004&B5004,DATA!$E$3:$E$10000&DATA!$B$3:$B$10000,DATA!$M$3:$M$10000),"No encontrado")) | D5004: =IF(A5004="","",IFERROR(buscarx(A5004&B5004,DATA!$E$3:$E$10000&DATA!$B$3:$B$10000,DATA!$W$3:$W$10000),"No encontrado")) | F5004: =IF(A5004="","",IFERROR(buscarx(A5004&E5004,DATA!$E$3:$E$10000&DATA!$B$3:$B$10000,DATA!$M$3:$M$10000),"Inactivo")) | G5004: =IF(A5004="","",IF(AND(C5004<>"No encontrado",F5004<>"Inactivo"),C5004&" → "&F5004,"Sin transición")) | H5004: =IF(A5004="","",IF(D5004="GCIA LINEA SERVICIO DIGITALIDAD Y VENTAS","Chats",IF(OR(D5004="GERENCIA INBOUND LÍNEAS SERVICIO Y VENTA",D5004="GERENCIA INBOUND LINEAS ESPECIALIZADAS"),"Llamadas","Otro"))) | I5004: =IF(A5004="","",IF(C5004="No encontrado","No","Sí")) | J5004: =IF(A5004="","",IF(F5004="Inactivo","No","Sí")) | K5004: =IF(A5004="","",IF(AND(I5004="Sí",J5004="Sí"),"Sí","No"))

Sheet INSTRUCTIVO
A1: 📖 INSTRUCTIVO — PLANTILLA ANÁLISIS DE GRADO SALARIAL 2026
A3: PASO 1 — Ir a hoja DATA
B4: Copia y pega toda tu tabla de datos. Asegúrate que los encabezados queden en la fila 2 y los datos desde la fila 3. Las columnas CLAVE son: E=Matricula, B=Mes, M=GS (grado salarial), W=Gcia (gerencia).
A6: PASO 2 — Ir a hoja CALCULO
B7: En las columnas AMARILLAS ingresa: A=Matricula del colaborador, B=Mes origen (ej: Enero), E=Mes destino (ej: Febrero). Las columnas AZULES se calculan solas con BUSCARX. Solo aparecen colaboradores presentes en AMBOS meses.
A9: PASO 3 — Ir a hoja RESUMEN
B10: Los conteos se actualizan automáticamente con CONTAR.SI.CONJUNTO. La tabla ya tiene precargados los períodos Enero→Febrero hasta Noviembre→Diciembre. Solo verás resultados en los períodos donde hayas ingresado datos en CALCULO.
A12: ATENCIÓN — Colaboradores inactivos
B13: Si un colaborador aparece en Mes_Origen pero NO en Mes_Destino → columna F muestra 'Inactivo' y K='No'. Estos NO se cuentan en RESUMEN. Solo cuentan colaboradores con K='Sí' (activos en ambos meses).
A15: GERENCIAS — Clasificación Chats / Llamadas
B16: Chats → 'GCIA LINEA SERVICIO DIGITALIDAD Y VENTAS' Llamadas → 'GERENCIA INBOUND LÍNEAS SERVICIO Y VENTA' ó 'GERENCIA INBOUND LINEAS ESPECIALIZADAS' Cualquier otra gerencia aparece como 'Otro' y no se cuenta en RESUMEN.
A18: TIP — Agregar más data
B19: Agrega filas en DATA (desde fila 3 hacia abajo) y agrega filas en CALCULO (desde fila 5 hacia abajo). RESUMEN se recalcula solo. La plantilla soporta hasta 10.000 filas en DATA y 5.000 en CALCULO.
